,ID,REF,ALT,EFFECT,IMPACT,FUNCTIONAL_CLASS,CODON_CHANGE,GENE_NAME,PVALUE,RAD
136218081,rs71503185,G,A,DOWNSTREAM,MODIFIER,NA,579,SURF1,0.662162162,0.333333333
143654538,.,T,G,NON_SYNONYMOUS_CODING,MODERATE,MISSENSE,cTg/cGg,AIG1,0.141415276,-0.05
195452951,rs2688542,G,C,NON_SYNONYMOUS_CODING,MODERATE,MISSENSE,Gat/Cat,MUC20,0.905547245,0.003695492
25052393,rs79107024,G,T,NON_SYNONYMOUS_CODING,MODERATE,MISSENSE,caC/caA,PARP4,0.753489525,0.023809524
209968684,rs2013162,C,A,SYNONYMOUS_CODING,LOW,SILENT,tcG/tcT,IRF6,0.014794917,-0.2
37230734,rs17497654,C,T,SYNONYMOUS_CODING,LOW,SILENT,caG/caA,HEATR5B,0.098456799,-0.395833333
158204425,rs1368298,A,G,SYNONYMOUS_CODING,LOW,SILENT,taT/taC,EBF1,0.05957121,0.327118644
88068461,rs55948254,T,C,INTRON,MODIFIER,NA,NA,CTSC,0.611111111,0
84879464,rs12051468,A,G,NON_SYNONYMOUS_CODING,MODERATE,MISSENSE,Agt/Ggt,CRISPLD2,0.91077257,-0.016411998
69704553,rs8007859,G,T,NON_SYNONYMOUS_CODING,MODERATE,MISSENSE,caG/caT,EXD2,0.412320389,-0.132978723
23854692,rs17224558,C,T,SYNONYMOUS_CODING,LOW,SILENT,acC/acT,TAF4B,0.542243821,0
171763549,rs2232825,C,T,SYNONYMOUS_CODING,LOW,SILENT,taC/taT,METTL13,0.692349404,0
38899548,rs3745964,G,A,DOWNSTREAM,MODIFIER,NA,150,RASGRP4,1,0
38687076,rs62123462,A,G,INTRON,MODIFIER,NA,NA,SIPA1L3,0.166666667,0.8
160197337,rs143995275,C,G,DOWNSTREAM,MODIFIER,NA,2193,TCP1,0.239130435,0.533333333
187490389,rs28633327,G,T,INTRON,MODIFIER,NA,NA,ITGAV,0.789681085,-0.133333333
50234151,rs13044000,G,T,INTRON,MODIFIER,NA,NA,ATP9A,0.73255814,0.476190476
149792113,rs11739355,G,A,INTRON,MODIFIER,NA,NA,CD74,0.722222222,0.470588235
7053362,rs915997,A,G,DOWNSTREAM,MODIFIER,NA,1878,ATN1,0.82358305,0.056521739
20413021,rs41292167,T,C,NON_SYNONYMOUS_CODING,MODERATE,MISSENSE,Aca/Gca,ZMYM5,0.5219053,0.007352941
72413581,rs71554687,G,A,NON_SYNONYMOUS_CODING,MODERATE,MISSENSE,Gtc/Atc,POM121,0.04060623,0.289855072
183446783,rs262969,G,A,INTRON,MODIFIER,NA,NA,YEATS2,0.534482759,0
74718155,rs2240769,C,T,INTRON,MODIFIER,NA,NA,JMJD6,0.558823529,0
115933980,rs1128116,C,A,NON_SYNONYMOUS_CODING,MODERATE,MISSENSE,Gcc/Tcc,FKBP15,0.396599928,0.166666667
76729632,rs3213967,C,T,INTRON,MODIFIER,NA,NA,KAT6B,0.541666667,0
60903419,rs7262393,C,T,SYNONYMOUS_CODING,LOW,SILENT,ctG/ctA,LAMA5,0.860338005,0.048275862
62290392,.,G,T,NON_SYNONYMOUS_CODING,MODERATE,MISSENSE,Ctt/Att,AHNAK,0.049917015,-0.043478261
52266120,rs2842581,C,T,INTRON,MODIFIER,NA,NA,NRD1,0.547040169,0
121013770,rs2271900,A,G,NON_SYNONYMOUS_CODING,MODERATE,MISSENSE,aAc/aGc,DEPTOR,0.719214398,0
205767885,rs708727,G,A,SYNONYMOUS_CODING,LOW,SILENT,aaC/aaT,SLC41A1,0.541229694,0.011904762
25973309,rs10178552,C,T,INTRON,MODIFIER,NA,NA,ASXL2,0.803571429,0
144828562,.,A,T,INTRON,MODIFIER,NA,NA,NBPF20,0.504444444,0
72542647,rs149640419,C,T,INTRON,MODIFIER,NA,NA,PARP6,0.628676471,0
125397997,rs1136637,C,T,SYNONYMOUS_CODING,LOW,SILENT,caG/caA,UBC,0.205798112,-0.01435272
235827641,rs12092604,C,T,INTRON,MODIFIER,NA,NA,LYST,0.738095238,0.5
57004344,rs948847,G,T,SYNONYMOUS_CODING,LOW,SILENT,ggC/ggA,APLNR,0.697763897,0
19721806,rs720173,C,T,INTRON,MODIFIER,NA,NA,KNOP1,0.506993007,0
22472188,rs55677256,A,G,INTRON,MODIFIER,NA,NA,CCAR2,0.54,0
156754673,rs3750132,T,C,INTRON,MODIFIER,NA,NA,NOM1,0.666666667,0
14311035,rs226788,T,C,SYNONYMOUS_CODING,LOW,SILENT,gcT/gcC,MKL2,0.54410222,-0.078947368
53439848,.,A,C,SPLICE_SITE_DONOR,HIGH,NA,NA,SMC1A,0.50952381,0
36646386,rs9891156,A,G,SYNONYMOUS_CODING,LOW,SILENT,gcA/gcG,ARHGAP23,1,0
41846964,rs1230403,T,C,UTR_3_PRIME,MODIFIER,NA,13,DUSP3,0.5,0
44099664,rs11552797,T,C,SYNONYMOUS_CODING,LOW,SILENT,gcT/gcC,DBNL,0.324450136,-0.183673469
46128359,rs12936731,G,C,UTR_5_PRIME,MODIFIER,NA,122,NFE2L1,0.003096388,0.291423002
179048294,.,T,C,NON_SYNONYMOUS_CODING,MODERATE,MISSENSE,Aaa/Gaa,HNRNPH1,0.5,0
43530234,rs4931,A,C,SYNONYMOUS_CODING,LOW,SILENT,cgA/cgC,YWHAB,0.038878356,0.194444444
73956736,rs6855349,G,A,SYNONYMOUS_CODING,LOW,SILENT,ctC/ctT,ANKRD17,0.880109326,-0.016194332
87379637,rs578851,C,T,INTRON,MODIFIER,NA,NA,15-Sep,0.665914787,0
28603342,rs710410,A,G,DOWNSTREAM,MODIFIER,NA,231,CCDC101,0.509803922,0
27775965,rs199544124,G,A,UPSTREAM,MODIFIER,NA,12,HIST1H2AI,0.085921995,-0.147171121
1895990,rs17855616,G,A,NON_SYNONYMOUS_CODING,MODERATE,MISSENSE,Ggt/Agt,SIRPA,0.823921514,0.15
28213703,rs462404,C,T,INTRON,MODIFIER,NA,NA,ADAMTS1,0.5,0
82360783,rs2306336,T,C,INTRON,MODIFIER,NA,NA,TMEM167A,0.15625,0.709677419
125298925,.,C,T,SYNONYMOUS_CODING,LOW,SILENT,aaG/aaA,SCARB1,0.5567899,0
52358757,rs1801106,G,A,NON_SYNONYMOUS_CODING,MODERATE,MISSENSE,Gag/Aag,ITGA2,0.242863019,0.272413793
732536,rs34832656,T,C,NON_SYNONYMOUS_CODING,MODERATE,MISSENSE,aTt/aCt,KANK1,0.527300322,0
13050363,.,T,G,NON_SYNONYMOUS_CODING,MODERATE,MISSENSE,tgT/tgG,CALR,0.725536993,-0.004347826
23544853,.,C,T,NON_SYNONYMOUS_CODING,MODERATE,MISSENSE,Gct/Act,ZNF91,0.548934772,0
126146138,rs2808410,T,C,SYNONYMOUS_CODING,LOW,SILENT,gcA/gcG,DENND1A,0.572863632,0
101094554,rs239239,A,G,SYNONYMOUS_CODING,LOW,SILENT,ccT/ccC,ASCC3,0.221365924,-0.202797203
230668858,rs13018957,T,C,SYNONYMOUS_CODING,LOW,SILENT,acA/acG,TRIP12,0.00062371,-0.135135135
102550006,.,T,C,NON_SYNONYMOUS_CODING,MODERATE,MISSENSE,Aat/Gat,HSP90AA1,0.5,0
1037986,rs3848640,A,G,UPSTREAM,MODIFIER,NA,2116,ABCA7,0.597550548,0.083333333
133941320,rs1131262,C,T,SYNONYMOUS_STOP,LOW,SILENT,taG/taA,RYK,0.5,0
168343983,rs41266289,G,A,INTRON,MODIFIER,NA,NA,MLLT4,0.512658228,0
12283928,rs10765933,C,T,INTRON,MODIFIER,NA,NA,MICAL2,0.913679979,0
12914832,rs73981621,C,T,INTRON,MODIFIER,NA,NA,ELAC2,0.527027027,0
144894496,rs4875060,G,A,SYNONYMOUS_CODING,LOW,SILENT,acC/acT,SCRIB,0.565269452,0
160604379,rs16844275,C,T,NON_SYNONYMOUS_CODING,MODERATE,MISSENSE,aCt/aTt,7-Mar,0.577713599,0
19560664,rs3790261,G,A,SYNONYMOUS_CODING,LOW,SILENT,gcG/gcA,SLC24A3,0.280195225,-0.282993197
62597666,rs45486695,C,T,NON_SYNONYMOUS_CODING,MODERATE,MISSENSE,Gtg/Atg,ZNF512B,0.569930951,0
141162128,rs62282002,C,G,NON_SYNONYMOUS_CODING,MODERATE,MISSENSE,Cca/Gca,ZBTB38,0.407605625,0.120650954
10799750,rs2742313,T,C,DOWNSTREAM,MODIFIER,NA,3307,ILF3,0.730769231,0.5
25074490,rs9578751,C,T,NON_SYNONYMOUS_CODING,MODERATE,MISSENSE,aGt/aAt,PARP4,0.022679987,-0.301587302
41173880,rs2604901,C,T,SYNONYMOUS_CODING,LOW,SILENT,caG/caA,NUMBL,0.546910755,-0.136363636
101567547,rs41319544,G,C,SYNONYMOUS_CODING,LOW,SILENT,gtG/gtC,LRRK1,0.538214442,-0.187315634
111099045,rs59905747,C,G,INTRON,MODIFIER,NA,NA,COL4A2,0.6375,0
150199051,rs374949854,T,C,NON_SYNONYMOUS_CODING,MODERATE,MISSENSE,aAg/aGg,ANP32E,0.569952996,0
9057687,rs1895364,A,G,NON_SYNONYMOUS_CODING,MODERATE,MISSENSE,aTa/aCa,MUC16,0.413493373,-0.094339623
158924088,rs914690,T,C,SYNONYMOUS_CODING,LOW,SILENT,gaT/gaC,TULP4,0.776616993,0
55512347,rs1043680,G,C,UTR_3_PRIME,MODIFIER,NA,81,NLRP2,0.109339556,0.133333333
115624396,rs140366806,C,T,NON_SYNONYMOUS_CODING,MODERATE,MISSENSE,Gac/Aac,TFEC,0.529480242,0
150082684,.,C,T,NON_SYNONYMOUS_CODING,MODERATE,MISSENSE,Cgc/Tgc,VPS45,0.824381255,0
93629630,rs7020271,T,C,INTRON,MODIFIER,NA,NA,SYK,0.592885375,0
56771251,rs3772219,A,C,NON_SYNONYMOUS_CODING,MODERATE,MISSENSE,Ttg/Gtg,ARHGEF3,0.050275783,0.286713287
231401902,rs574553,G,A,SYNONYMOUS_CODING,LOW,SILENT,gaG/gaA,GNPAT,0.548566252,0
32956620,rs7481878,A,G,SYNONYMOUS_CODING,LOW,SILENT,ccA/ccG,QSER1,0.062689241,0.214095745
121825197,rs2681417,G,A,NON_SYNONYMOUS_CODING,MODERATE,MISSENSE,Gtt/Att,CD86,0.5,0
33245842,.,T,C,NON_SYNONYMOUS_CODING,MODERATE,MISSENSE,gAc/gGc,YARS,0.764983011,0
26184041,rs16891375,A,G,SYNONYMOUS_CODING,LOW,SILENT,aaA/aaG,HIST1H2BE,0.509779777,0
44511533,rs3746500,G,A,NON_SYNONYMOUS_CODING,MODERATE,MISSENSE,cGg/cAg,ZSWIM1,0.538637688,0
132591372,rs7032945,T,G,INTRON,MODIFIER,NA,NA,C9orf78,0.666666667,0
7780582,rs41264705,C,T,NON_SYNONYMOUS_CODING,MODERATE,MISSENSE,Gtg/Atg,AFAP1,0.514287134,0.007194245
52379224,rs115938507,T,C,INTRON,MODIFIER,NA,NA,ACVR1B,0.52030303,0
51203371,rs1129406,C,T,SPLICE_SITE_REGION,LOW,NA,NA,ATF1,0.5,0
120214030,rs3749591,T,G,NON_SYNONYMOUS_CODING,MODERATE,MISSENSE,agT/agG,USP53,0.613201142,0
36661423,rs2727822,T,C,INTRON,MODIFIER,NA,NA,AOAH,0.231481481,0.547169811
105266274,rs16851279,T,C,SYNONYMOUS_CODING,LOW,SILENT,agT/agC,ALCAM,0.986750478,0
115095743,rs7040447,T,C,INTRON,MODIFIER,NA,NA,PTBP3,0.6875,-0.4
49459114,rs4855873,A,C,DOWNSTREAM,MODIFIER,NA,652,NICN1,0.379089616,0.333333333
46094027,rs1250,A,G,SYNONYMOUS_CODING,LOW,SILENT,agT/agC,GPBP1L1,0.663563614,0.038655789
142458542,.,A,G,SYNONYMOUS_CODING,LOW,SILENT,gtA/gtG,PRSS1,0.168127188,-0.078853047
160654786,rs1980606,G,A,SYNONYMOUS_CODING,LOW,SILENT,ggC/ggT,CD48,0.528731906,0
153626720,.,C,T,DOWNSTREAM,MODIFIER,NA,2859,DNASE1L1,0.469981423,-0.053097345
174949538,.,A,G,INTRON,MODIFIER,NA,NA,SFXN1,0.607142857,0.222222222
160514541,rs1888727,T,C,INTRON,MODIFIER,NA,NA,IGF2R,0.610878489,0
914664,rs35725571,T,C,SYNONYMOUS_CODING,LOW,SILENT,Ttg/Ctg,TRIP13,0.517445674,0.005847953
186302412,rs62291969,T,G,INTRON,MODIFIER,NA,NA,DNAJB11,0.027032669,-0.420634921
3761479,rs2275822,C,T,SYNONYMOUS_CODING,LOW,SILENT,acG/acA,CEP104,0.124377249,-0.183673469
37570725,rs3752293,C,T,SYNONYMOUS_CODING,LOW,SILENT,Ctg/Ttg,FAM83D,0.21711854,-0.237341772
131226652,rs1469288,G,A,INTRON,MODIFIER,NA,NA,ASAP1,0.75,0.555555556
9603419,rs10840264,A,G,INTRON,MODIFIER,NA,NA,WEE1,0.709090909,0
58080505,rs7644723,G,T,INTRON,MODIFIER,NA,NA,FLNB,0.119047619,0.8
97939987,rs2906184,T,A,INTRON,MODIFIER,NA,NA,BAIAP2L1,0.552631579,0
2932177,rs2286601,G,A,DOWNSTREAM,MODIFIER,NA,2337,NRIP2,0.525641026,0
30753270,rs14316,T,C,UTR_3_PRIME,MODIFIER,NA,23,TM9SF4,0.546194305,0.007142857
134237635,rs35513885,G,T,NON_SYNONYMOUS_CODING,MODERATE,MISSENSE,Gct/Tct,WISP1,0.537490522,0
6374813,rs10421175,T,C,DOWNSTREAM,MODIFIER,NA,4767,GTF2F1,0.684466019,0.37254902
34380148,rs72883565,A,G,INTRON,MODIFIER,NA,NA,TPGS2,0.52347214,0
140798639,rs17208397,G,C,NON_SYNONYMOUS_CODING,MODERATE,MISSENSE,Gta/Cta,PCDHGB7,0.240740741,0.538461538
45983276,rs11855175,G,T,UTR_3_PRIME,MODIFIER,NA,48,SQRDL,0.065951059,0.257936508
6063253,rs2076846,A,G,INTRON,MODIFIER,NA,NA,IL2RA,0.537037037,0
151945399,rs199802177,A,G,NON_SYNONYMOUS_CODING,MODERATE,MISSENSE,aTt/aCt,KMT2C,0.577268969,0
113386779,rs2285933,C,G,NON_SYNONYMOUS_CODING,MODERATE,MISSENSE,agC/agG,OAS3,0.5,0
23236524,rs8572,C,T,NON_SYNONYMOUS_CODING,MODERATE,MISSENSE,gCa/gTa,OXA1L,0.5,0
165551404,rs17244632,G,A,NON_SYNONYMOUS_CODING,MODERATE,MISSENSE,aCt/aTt,COBLL1,0.570471004,0
39923952,rs17627,G,A,SYNONYMOUS_CODING,LOW,SILENT,ggC/ggT,RPS16,0.631578947,-0.003968254
69352230,rs15993,G,A,SYNONYMOUS_CODING,LOW,SILENT,Ctg/Ttg,ACTN1,0.095740593,0.135704875
33748870,rs17548916,C,G,INTRON,MODIFIER,NA,NA,SLFN12,0.066666667,0.75
10258291,.,A,G,NON_SYNONYMOUS_CODING,MODERATE,MISSENSE,gAg/gGg,CCT5,0.5,0
23836540,.,T,C,NON_SYNONYMOUS_CODING,MODERATE,MISSENSE,Aaa/Gaa,ZNF675,0.564893071,0
7414583,rs56160149,G,A,NON_SYNONYMOUS_CODING,MODERATE,MISSENSE,cGc/cAc,RIOK1,0.58902031,0
14662260,rs17215796,A,G,SYNONYMOUS_CODING,LOW,SILENT,tgT/tgC,ZDHHC21,0.060457862,0.286140089
1330424,.,C,T,NON_SYNONYMOUS_CODING,MODERATE,MISSENSE,Gtc/Atc,CLPTM1L,0.108801415,0.395833333
21083647,rs112277818,C,A,NON_SYNONYMOUS_CODING,MODERATE,MISSENSE,cCt/cAt,C18orf8,0.543465478,0
53393584,rs12461426,A,G,SPLICE_SITE_REGION,LOW,NA,NA,ZNF320,0.510204082,0.020833333
21366637,.,T,C,NON_SYNONYMOUS_CODING,MODERATE,MISSENSE,Tct/Cct,ZNF431,0.656268625,0
71631065,.,A,C,SYNONYMOUS_CODING,LOW,SILENT,gtA/gtC,ZNF638,0.007569478,-0.153846154
195513743,rs59668135,G,T,NON_SYNONYMOUS_CODING,MODERATE,MISSENSE,Cct/Act,MUC4,0.512779166,0
29673099,rs201539775,G,A,INTRON,MODIFIER,NA,NA,NF1,0.513157895,0
57000469,rs2298711,T,A,NON_SYNONYMOUS_CODING,MODERATE,MISSENSE,Atg/Ttg,LMAN1,0.019257345,-0.088235294
203148633,rs4950927,A,G,SYNONYMOUS_CODING,LOW,SILENT,tgT/tgC,CHI3L1,0.5,0
6635274,rs10849482,G,A,NON_SYNONYMOUS_CODING,MODERATE,MISSENSE,Gtg/Atg,NCAPD2,0.554275349,0
18499784,rs1055150,C,G,DOWNSTREAM,MODIFIER,NA,2170,LRRC25,0.002280005,-0.333333333
50283819,rs17073322,T,C,SYNONYMOUS_CODING,LOW,SILENT,gcA/gcG,KPNA3,0.775872947,0
9237435,rs10407484,A,G,SYNONYMOUS_CODING,LOW,SILENT,tcT/tcC,OR7G3,0.50617284,0
70279766,rs643301,C,T,SYNONYMOUS_CODING,LOW,SILENT,taC/taT,CTTN,0.023770439,-0.264090177
146067054,rs1735169,G,A,NON_SYNONYMOUS_CODING,MODERATE,MISSENSE,Gga/Aga,ZNF7,0.00481341,-0.477272727
26439508,.,A,G,SYNONYMOUS_CODING,LOW,SILENT,ggA/ggG,DPYSL2,0.71135674,0
9049149,rs12461007,G,A,NON_SYNONYMOUS_CODING,MODERATE,MISSENSE,Cct/Tct,MUC16,0.503068442,0.085714286
52544805,rs1801244,C,G,NON_SYNONYMOUS_CODING,MODERATE,MISSENSE,Gtg/Ctg,ATP7B,0.537846916,0
13803884,rs36050008,G,A,SYNONYMOUS_CODING,LOW,SILENT,taC/taT,GPM6B,0.59199959,0
189904203,rs10208525,A,G,SYNONYMOUS_CODING,LOW,SILENT,taT/taC,COL5A2,0.178988308,0.148217636
72011086,rs16880821,C,T,INTRON,MODIFIER,NA,NA,OGFRL1,0.543478261,0
16197421,rs2303149,A,G,INTRON,MODIFIER,NA,NA,TPM4,0.156862745,0.7
163309219,rs1509022,A,T,SYNONYMOUS_CODING,LOW,SILENT,ggA/ggT,NUF2,0.346828344,-0.208791209
75923294,rs2431352,T,G,NON_SYNONYMOUS_CODING,MODERATE,MISSENSE,gaT/gaG,IQGAP2,0.724368838,0
91994101,rs62638726,G,A,NON_SYNONYMOUS_CODING,MODERATE,MISSENSE,Ccc/Tcc,SEMA4D,0.645619664,0
100466441,rs2075756,G,A,NON_SYNONYMOUS_CODING,MODERATE,MISSENSE,Gtc/Atc,TRIP6,0.789535183,0
36661842,rs136177,G,A,SYNONYMOUS_CODING,LOW,SILENT,agG/agA,APOL1,5.62E-08,-0.533333333
9012918,rs75899847,C,T,INTRON,MODIFIER,NA,NA,MUC16,0.678571429,0.384615385
53116643,rs11545619,T,C,NON_SYNONYMOUS_CODING,MODERATE,MISSENSE,cAc/cGc,ZNF83,0.515153682,0.006097561
30888001,rs12146709,T,C,NON_SYNONYMOUS_CODING,MODERATE,MISSENSE,aAa/aGa,CAPRIN2,0.553902698,0
103514444,rs34061299,C,T,SYNONYMOUS_CODING,LOW,SILENT,caC/caT,ERCC5,0.551044417,0
113530199,rs11616795,G,A,NON_SYNONYMOUS_CODING,MODERATE,MISSENSE,Gtc/Atc,ATP11A,0.00980831,-0.36
95766599,rs115258802,C,T,NON_SYNONYMOUS_CODING,MODERATE,MISSENSE,cGa/cAa,MRPS5,1,0
122079599,rs11548651,T,A,UTR_3_PRIME,MODIFIER,NA,50,ORAI1,0.463622034,-0.106104651
46968665,rs200814731,G,A,SYNONYMOUS_CODING,LOW,SILENT,Ctg/Ttg,SYT15,0.329166667,0.428571429
216235270,rs1250208,C,A,INTRON,MODIFIER,NA,NA,FN1,0.738095238,-0.133333333
74074539,rs141275418,G,A,NON_SYNONYMOUS_CODING,MODERATE,MISSENSE,cGg/cAg,STAMBP,0.549736185,0.007692308
9200299,rs7949349,A,G,INTRON,MODIFIER,NA,NA,DENND5A,0.673076923,0.36
99057815,.,T,C,SPLICE_SITE_REGION,LOW,NA,NA,ATP5J2-PTCD1,0.274706881,-0.046242775
146125793,rs3811102,A,T,NON_SYNONYMOUS_CODING,MODERATE,MISSENSE,caT/caA,FBXO30,0.125339353,0.22460733
1619339,rs8140,T,C,SYNONYMOUS_CODING,LOW,SILENT,tcA/tcG,TCF3,0.344210977,0.171717172
28475625,rs201872292,G,A,NON_SYNONYMOUS_CODING,MODERATE,MISSENSE,aCg/aTg,HERC2,0.532514081,0
37117302,rs3108171,A,G,NON_SYNONYMOUS_CODING,MODERATE,MISSENSE,gAg/gGg,ZNF382,0.079699248,0.444444444
69741801,rs6757825,C,T,SYNONYMOUS_CODING,LOW,SILENT,caG/caA,AAK1,0.471153846,-0.166666667
14520560,rs2304510,G,C,INTRON,MODIFIER,NA,NA,SLC6A6,0.52030303,0
150262157,.,G,A,UPSTREAM,MODIFIER,NA,2417,EIF2A,0.2000487,0.025641026
158441511,rs77938885,C,T,INTRON,MODIFIER,NA,NA,NCAPG2,0.588235294,0.1875
113679119,rs2465647,C,T,SYNONYMOUS_CODING,LOW,SILENT,tcG/tcA,USP28,0.5,0
202430584,rs73991652,G,A,NON_SYNONYMOUS_CODING,MODERATE,MISSENSE,aCa/aTa,ALS2CR11,0.086687307,0.442857143
73150694,rs1136954,A,C,UTR_3_PRIME,MODIFIER,NA,195,ABHD11,1,0
71850722,rs1802608,C,T,NON_SYNONYMOUS_CODING,MODERATE,MISSENSE,Ctc/Ttc,FOLR3,0.5,0
231376806,rs2274067,G,C,NON_SYNONYMOUS_CODING,MODERATE,MISSENSE,Ctt/Gtt,C1orf131,0.766226555,0
1299108,.,C,G,STOP_GAINED,HIGH,NONSENSE,taC/taG,ERC1,0.75976955,0
154320942,rs2297607,A,G,SYNONYMOUS_CODING,LOW,SILENT,acA/acG,ATP8B2,0.790437565,0.108974359
47253631,rs11758366,A,G,INTRON,MODIFIER,NA,NA,TNFRSF21,0.649113487,0
23869941,rs2364625,A,G,START_GAINED,LOW,NA,NA,ZNF675,0.5,0
9009690,.,C,T,SYNONYMOUS_CODING,LOW,SILENT,ccG/ccA,MUC16,0.796565451,0.021052632
99208065,rs13264255,T,C,INTRON,MODIFIER,NA,NA,NIPAL2,0.633333333,0.285714286
30831144,rs16875355,C,T,SYNONYMOUS_CODING,LOW,SILENT,Ctg/Ttg,FAM188B,0.175951275,0.245454545
101740606,rs1637257,T,G,INTRON,MODIFIER,NA,NA,CUX1,0.512658228,0
133327835,rs1615006,G,A,INTRON,MODIFIER,NA,NA,ASS1,0.828560781,0
149777900,rs76350524,T,A,DOWNSTREAM,MODIFIER,NA,3300,CD74,0.516666667,0
105266484,rs73175442,T,G,INTRON,MODIFIER,NA,NA,ALCAM,0.528571429,0
73888354,rs34974290,G,A,SYNONYMOUS_CODING,LOW,SILENT,ttC/ttT,TRIM65,0.789913412,0.039130435
35546735,rs1535422,A,G,NON_SYNONYMOUS_CODING,MODERATE,MISSENSE,Act/Gct,RUSC2,0.535707165,0
7685183,rs4134866,G,A,SYNONYMOUS_CODING,LOW,SILENT,gtC/gtT,XAB2,0.084977801,-0.270588235
89659425,rs293397,C,T,INTRON,MODIFIER,NA,NA,ABHD2,0.6,0.222222222
35872926,rs1050851,G,A,SYNONYMOUS_CODING,LOW,SILENT,gcC/gcT,NFKBIA,0.021849258,0.202664797
9003645,rs11085777,G,A,NON_SYNONYMOUS_CODING,MODERATE,MISSENSE,aCt/aTt,MUC16,0.000895984,0.362951807
101588923,rs34698485,C,G,INTRON,MODIFIER,NA,NA,LRRK1,0.53030303,0
5096958,rs11975068,T,C,SYNONYMOUS_CODING,LOW,SILENT,gaT/gaC,RBAK-RBAKDN,0.821247134,0.144736842
36497358,rs2285422,C,G,NON_SYNONYMOUS_CODING,MODERATE,MISSENSE,caG/caC,SYNE4,0.5,0
179301194,rs114929315,T,C,SYNONYMOUS_CODING,LOW,SILENT,ttT/ttC,ACTL6A,0.003191404,0.258333333
49999688,.,T,C,DOWNSTREAM,MODIFIER,NA,4124,RPL13A,1.04E-12,-0.431372549
88059683,rs217060,G,A,INTRON,MODIFIER,NA,NA,CTSC,0.722222222,0.5
8153521,rs3213702,G,A,UTR_3_PRIME,MODIFIER,NA,32,ICA1,0.02605246,-0.2
33444588,rs73035551,T,G,NON_SYNONYMOUS_CODING,MODERATE,MISSENSE,gAt/gCt,CEP89,0.000655183,-0.135338346
26350136,rs2289022,G,T,INTRON,MODIFIER,NA,NA,RAB10,0.670731707,0.35
136685475,rs9483926,A,C,INTRON,MODIFIER,NA,NA,MAP7,0.681818182,0.4
39906798,.,G,A,SPLICE_SITE_DONOR,HIGH,NA,NA,MACF1,0.014492754,-0.5
13337588,rs1747682,G,A,START_GAINED,LOW,NA,NA,PHYH,0.5,0
104659321,rs4569071,A,G,INTRON,MODIFIER,NA,NA,TXNRD1,0.001192477,-0.666666667
140084485,rs3087779,G,A,DOWNSTREAM,MODIFIER,NA,1584,TPRN,0.5,0
53304775,.,T,C,NON_SYNONYMOUS_CODING,MODERATE,MISSENSE,gAc/gGc,ZNF28,0.587557698,0
9066853,.,G,A,NON_SYNONYMOUS_CODING,MODERATE,MISSENSE,Cat/Tat,MUC16,0.712962963,-0.016129032
11769963,rs1050069,C,T,SYNONYMOUS_CODING,LOW,SILENT,atC/atT,SNN,0.304775102,-0.2
27604279,rs4582,A,G,DOWNSTREAM,MODIFIER,NA,3879,SNX17,0.5,0
840319,rs3059,C,T,DOWNSTREAM,MODIFIER,NA,1484,CD151,0.500050849,0.107638889
74893821,rs1053079,A,G,NON_SYNONYMOUS_CODING,MODERATE,MISSENSE,Acc/Gcc,TMEM70,0.570658649,0
8418644,rs11121172,C,A,SYNONYMOUS_CODING,LOW,SILENT,cgG/cgT,RERE,1,0
105260518,rs579565,G,A,SYNONYMOUS_CODING,LOW,SILENT,ctG/ctA,ALCAM,0.03927271,-0.069767442
106604190,rs35370743,A,G,SYNONYMOUS_CODING,LOW,SILENT,ccT/ccC,INTS12,0.536451558,0
135279315,rs7800214,A,C,SYNONYMOUS_CODING,LOW,SILENT,gcA/gcC,NUP205,0.030504992,-0.2
22842957,rs2236729,T,G,NON_SYNONYMOUS_CODING,MODERATE,MISSENSE,gAa/gCa,ZNF280B,0.124837649,-0.333333333
20003061,.,A,T,SYNONYMOUS_CODING,LOW,SILENT,acA/acT,ZNF253,0.576843786,0
2779570,rs2306735,A,G,NON_SYNONYMOUS_CODING,MODERATE,MISSENSE,cAc/cGc,GYG2,0.381064804,0.166666667
50139932,rs61760904,C,T,NON_SYNONYMOUS_CODING,MODERATE,MISSENSE,Gac/Aac,RRAS,0.5,0
58296911,.,G,A,INTRON,MODIFIER,NA,NA,USP32,0.583333333,0
35613623,rs1688017,G,A,DOWNSTREAM,MODIFIER,NA,1054,FXYD3,0.537037037,0
108387893,.,A,G,INTRON,MODIFIER,NA,NA,FER,0.509174312,0
141244356,rs3822357,C,T,NON_SYNONYMOUS_CODING,MODERATE,MISSENSE,Gcc/Acc,PCDH1,0.559434234,0
114173295,rs61742565,T,C,NON_SYNONYMOUS_CODING,MODERATE,MISSENSE,cAa/cGa,KIAA0368,0.033333333,-0.5
56985814,rs1050403,T,C,SYNONYMOUS_CODING,LOW,SILENT,acA/acG,RPS20,0.0975999,-0.062992126
111631920,rs9819688,C,A,INTRON,MODIFIER,NA,NA,PHLDB2,0.547619048,0
156266774,rs9296,C,T,SYNONYMOUS_CODING,LOW,SILENT,gaG/gaA,SSR3,0.643085238,0.049275362
18937758,rs437470,A,G,NON_SYNONYMOUS_CODING,MODERATE,MISSENSE,Acc/Gcc,CXADR,0.599891802,0
113975768,rs9577230,T,C,NON_SYNONYMOUS_CODING,MODERATE,MISSENSE,aTt/aCt,LAMP1,0.896099644,0.003954802
132402908,rs2241247,C,G,SYNONYMOUS_CODING,LOW,SILENT,gtG/gtC,ASB6,0.847929829,0
100486035,rs2720392,C,A,DOWNSTREAM,MODIFIER,NA,1580,ACHE,0.512712458,0.008547009
65649984,rs687672,T,C,SYNONYMOUS_CODING,LOW,SILENT,gaT/gaC,CTSW,0.649372848,0
126678241,rs113985797,G,C,NON_SYNONYMOUS_CODING,MODERATE,MISSENSE,gCt/gGt,CTBP2,4.09E-05,0.293103448
34833079,rs78855695,C,T,NON_SYNONYMOUS_CODING,MODERATE,MISSENSE,cCg/cTg,KIAA0355,0.617409245,0.016666667
129900858,rs3191122,C,T,SYNONYMOUS_CODING,LOW,SILENT,tcG/tcA,MKI67,0.860802179,-0.042840376
15130333,rs10668713,C,"CAT,T",DOWNSTREAM,MODIFIER,NA,1376,NTAN1,0.128486721,0.21719457
100195130,rs11539873,G,A,SYNONYMOUS_CODING,LOW,SILENT,acC/acT,HPS1,0.576853812,0
124967487,rs1043821,T,A,UTR_3_PRIME,MODIFIER,NA,15,TMEM218,0.621400468,0
16931554,rs371797,T,C,INTRON,MODIFIER,NA,NA,NBPF1,0.439102564,0.238095238
48030458,rs2072447,G,C,DOWNSTREAM,MODIFIER,NA,3601,FBXO11,0.041666667,1
161469774,rs4559074,G,A,NON_SYNONYMOUS_CODING,MODERATE,MISSENSE,cGt/cAt,MAP3K4,0.588788863,0
160112881,rs7591849,G,T,NON_SYNONYMOUS_CODING,MODERATE,MISSENSE,Cgc/Agc,WDSUB1,0.5,0
135173685,rs2296871,T,C,NON_SYNONYMOUS_CODING,MODERATE,MISSENSE,Act/Gct,SETX,0.450985506,0.116300366
53873366,rs4790,C,T,DOWNSTREAM,MODIFIER,NA,910,MAP3K12,0.606613892,-0.025316456
642810,rs73402961,C,A,DOWNSTREAM,MODIFIER,NA,1415,DEAF1,0.363636364,0.291666667
47674304,.,A,C,SPLICE_SITE_DONOR,HIGH,NA,NA,MCM3AP,0.515625,0.031578947
120212521,rs10006850,G,A,INTRON,MODIFIER,NA,NA,USP53,0.6,0.222222222
168180081,rs10036727,C,T,NON_SYNONYMOUS_CODING,MODERATE,MISSENSE,Ggc/Agc,SLIT3,0.05480953,-0.142857143
55653297,rs67795913,A,C,INTRON,MODIFIER,NA,NA,TNNT1,0.029360165,-0.461538462
9047267,rs10410169,C,T,NON_SYNONYMOUS_CODING,MODERATE,MISSENSE,gGt/gAt,MUC16,0.59085853,-0.098039216
58374130,rs7253130,C,T,UTR_3_PRIME,MODIFIER,NA,2622,ZNF587,0.313703056,0.212121212
8394094,rs28627156,G,A,SYNONYMOUS_CODING,LOW,SILENT,tgC/tgT,ACOX3,0.239779418,-0.292682927
38010651,rs61776185,G,A,INTRON,MODIFIER,NA,NA,SNIP1,0.532258065,0
149501592,rs141793092,A,C,NON_SYNONYMOUS_CODING,MODERATE,MISSENSE,tTg/tGg,PDGFRB,0.682293005,0
10668452,rs3745255,A,G,SYNONYMOUS_CODING,LOW,SILENT,ttT/ttC,KRI1,0.595560853,0.01754386
7477873,.,A,G,NON_SYNONYMOUS_CODING,MODERATE,MISSENSE,Aat/Gat,EIF4A1,0.762712295,0
69153854,rs7038,G,T,DOWNSTREAM,MODIFIER,NA,2185,LMOD3,0.5,0
72832495,.,A,G,INTRON,MODIFIER,NA,NA,MAMDC2,0.019739033,-0.333333333
6705874,rs200454,G,C,NON_SYNONYMOUS_CODING,MODERATE,MISSENSE,aCc/aGc,DNAJC11,2.20E-05,-0.422422422
189917758,rs142429770,T,C,INTRON,MODIFIER,NA,NA,COL5A2,0.516393443,0
73699757,.,A,G,INTRON,MODIFIER,NA,NA,SAP30BP,0.532258065,0
184801065,rs487675,T,C,SYNONYMOUS_CODING,LOW,SILENT,caA/caG,FAM129A,0.568524927,0
42265889,rs11548735,G,T,NON_SYNONYMOUS_CODING,MODERATE,MISSENSE,gGc/gTc,CEACAM6,0.229475527,-0.132801161
33651129,rs942636,C,T,SYNONYMOUS_CODING,LOW,SILENT,ccC/ccT,ITPR3,0.501119691,-0.116071429
38877762,rs55854596,T,C,SYNONYMOUS_CODING,LOW,SILENT,taT/taC,DYRK1A,0.002153717,-0.133333333
128627021,rs1683787,A,G,SPLICE_SITE_REGION,LOW,NA,NA,ACAD9,0.515625,0
38933726,rs4833106,A,G,INTRON,MODIFIER,NA,NA,FAM114A1,0.558823529,0
135205009,rs1046178,C,G,SYNONYMOUS_CODING,LOW,SILENT,ccC/ccG,PAOX,0.5,0
79374720,.,G,A,INTRON,MODIFIER,NA,NA,THBS4,0.529995118,0
12027308,rs3818157,G,A,INTRON,MODIFIER,NA,NA,PLOD1,0.75,0.538461538
174937193,rs2662170,C,T,SYNONYMOUS_CODING,LOW,SILENT,gaC/gaT,SFXN1,0.748076956,0
54611560,rs254263,C,G,DOWNSTREAM,MODIFIER,NA,1279,NDUFA3,0.55,0
195508452,rs200683272,G,C,NON_SYNONYMOUS_CODING,MODERATE,MISSENSE,agC/agG,MUC4,0.581251837,0.086419753
161483965,rs2926469,G,A,INTRON,MODIFIER,NA,NA,FCGR2A,0.642857143,0
195509918,rs200091411,G,C,NON_SYNONYMOUS_CODING,MODERATE,MISSENSE,Cac/Gac,MUC4,0.51415176,0.00952381
13729640,rs187817189,A,T,INTRON,MODIFIER,NA,NA,FAR1,0.532514081,0
117163765,rs490460,C,A,SPLICE_SITE_REGION,LOW,NA,NA,BACE1,0.09153694,-0.1
52598799,rs61958802,G,A,SYNONYMOUS_CODING,LOW,SILENT,ccG/ccA,ALG11,0.54467787,0
112042632,rs2229155,A,G,SYNONYMOUS_CODING,LOW,SILENT,gcT/gcC,ADORA3,0.808610123,-0.017647059
91185485,rs2286287,A,G,UTR_3_PRIME,MODIFIER,NA,113,CRTC3,0.986721837,0
1309627,.,A,C,NON_SYNONYMOUS_CODING,MODERATE,MISSENSE,cTg/cGg,AURKAIP1,0.046006773,-0.033783784
136594292,rs7381749,T,C,NON_SYNONYMOUS_CODING,MODERATE,MISSENSE,aAc/aGc,BCLAF1,0.163428314,0.064935065
227504794,rs11804613,T,C,SYNONYMOUS_CODING,LOW,SILENT,acA/acG,CDC42BPA,0.05140893,-0.083333333
15514660,rs7246816,G,A,INTRON,MODIFIER,NA,NA,AKAP8L,0.673076923,0
72130815,rs1050362,C,A,SYNONYMOUS_CODING,LOW,SILENT,Cgg/Agg,DHX38,0.666111919,0
19387398,.,G,A,UPSTREAM,MODIFIER,NA,3324,TM6SF2,0.610927686,0
55512232,rs1043673,C,A,NON_SYNONYMOUS_CODING,MODERATE,MISSENSE,gCa/gAa,NLRP2,0.020733595,0.142697882
52733148,rs76104220,C,T,SYNONYMOUS_CODING,LOW,SILENT,aaG/aaA,PCMTD1,0.267785664,0.155339806
102782145,.,C,T,INTRON,MODIFIER,NA,NA,NAPEPLD,0.614246329,0.045454545
74007136,rs2272051,T,C,NON_SYNONYMOUS_CODING,MODERATE,MISSENSE,gAc/gGc,DUSP11,0.735886043,0
156762224,rs2302443,G,C,NON_SYNONYMOUS_CODING,MODERATE,MISSENSE,Gta/Cta,NOM1,0.5,0
133786586,rs1050704,T,C,SYNONYMOUS_CODING,LOW,SILENT,agA/agG,BNIP3,0.898326924,-0.01320132
136232746,rs28693733,T,A,DOWNSTREAM,MODIFIER,NA,4705,SURF2,0.685185185,0.384615385
142457132,rs4726576,A,C,UPSTREAM,MODIFIER,NA,187,PRSS1,0.00228833,0.705882353
7799653,rs1127430,G,T,NON_SYNONYMOUS_CODING,MODERATE,MISSENSE,Ccc/Acc,TMEM261,0.030778455,0.329059829
140554606,rs11741863,T,C,SYNONYMOUS_CODING,LOW,SILENT,ttT/ttC,PCDHB7,0.470078318,0.12254902
3394975,rs10833822,C,A,INTRON,MODIFIER,NA,NA,ZNF195,0.984126984,0
26156652,.,C,G,NON_SYNONYMOUS_CODING,MODERATE,MISSENSE,Ccg/Gcg,HIST1H1E,0.419264553,-0.02016129
56056706,rs12939279,C,T,INTRON,MODIFIER,NA,NA,VEZF1,0.509433962,0
58058246,rs1548475,T,C,INTRON,MODIFIER,NA,NA,ZNF550,0.434139403,-0.194444444
119575818,rs3790549,C,G,NON_SYNONYMOUS_CODING,MODERATE,MISSENSE,Gct/Cct,WARS2,0.517546473,0.008849558
75012244,.,G,A,DOWNSTREAM,MODIFIER,NA,1272,TTC18,0.356808884,-0.064516129
148895654,rs34394958,A,G,SYNONYMOUS_CODING,LOW,SILENT,caT/caC,CP,0.867205137,0
6713282,rs200440,A,G,INTRON,MODIFIER,NA,NA,DNAJC11,0.739473684,0.02020202
140534267,rs1267623,C,T,INTRON,MODIFIER,NA,NA,BRAF,0.142857143,0.769230769
5141289,rs1937841,G,A,DOWNSTREAM,MODIFIER,NA,921,AKR1C3,0.541666667,0
47660294,.,C,T,NON_SYNONYMOUS_CODING,MODERATE,MISSENSE,tGt/tAt,MTCH2,0.00374691,0.119047619
144868204,rs1747951,A,C,INTRON,MODIFIER,NA,NA,NBPF20,0.749786142,-0.036144578
12265337,rs2270509,C,G,INTRON,MODIFIER,NA,NA,MICAL2,0.535714286,0
125398039,rs1071862,G,C,SYNONYMOUS_CODING,LOW,SILENT,gtC/gtG,UBC,0.006658577,-0.137509549
178380957,.,A,G,INTRON,MODIFIER,NA,NA,RASAL2,0.035714286,-0.5
138602417,rs2774960,G,A,NON_SYNONYMOUS_CODING,MODERATE,MISSENSE,cCg/cTg,KIAA1549,0.499387467,0.210084034
122186268,rs28651018,C,T,SYNONYMOUS_CODING,LOW,SILENT,ctC/ctT,TMEM120B,0.809131073,0.089855072
2192748,.,G,C,UTR_3_PRIME,MODIFIER,NA,9,SMARCA2,0.243453624,-0.152219873
124104049,rs15587,A,G,SYNONYMOUS_CODING,LOW,SILENT,ggA/ggG,DDX55,0.864228806,0.068396226
67899009,.,C,G,START_GAINED,LOW,NA,NA,NUTF2,0.124209585,-0.113207547
80228,.,C,G,INTRON,MODIFIER,NA,NA,LOC389831,0.732142857,0.333333333
36038390,rs7599,A,G,DOWNSTREAM,MODIFIER,NA,2169,GAPDHS,0.274288427,-0.138838475
97922875,rs13008,G,A,SYNONYMOUS_CODING,LOW,SILENT,cgC/cgT,BAIAP2L1,0.004262251,-0.111111111
45563464,rs1140993,G,C,NON_SYNONYMOUS_CODING,MODERATE,MISSENSE,agC/agG,NUFIP1,0.624711965,0
61552652,.,G,T,UTR_3_PRIME,MODIFIER,NA,23,CCDC6,0.810964667,-0.011435106
42907112,rs2228468,A,C,NON_SYNONYMOUS_CODING,MODERATE,MISSENSE,tAc/tCc,ACKR2,0.01984352,0.461538462
113405436,rs3817328,G,C,INTRON,MODIFIER,NA,NA,SLC20A1,0.571364811,0
7076255,rs1808555,T,C,INTRON,MODIFIER,NA,NA,ZNF557,0.219512195,0.575
17590734,rs11737120,A,T,INTRON,MODIFIER,NA,NA,LAP3,0.65,0.315789474
216256344,rs10498038,C,G,INTRON,MODIFIER,NA,NA,FN1,0.508474576,0
160076076,rs190857414,G,C,INTRON,MODIFIER,NA,NA,TANC1,0.049808429,0.576923077
42804306,.,A,G,DOWNSTREAM,MODIFIER,NA,4357,CIC,0.511235955,0.011363636
52882406,rs6677047,A,G,UTR_3_PRIME,MODIFIER,NA,44,PRPF38A,0.284449408,-0.045454545
17298679,rs7249926,G,C,INTRON,MODIFIER,NA,NA,MYO9B,0.733333333,-0.038461538
2539016,rs8084295,C,G,NON_SYNONYMOUS_CODING,MODERATE,MISSENSE,Gtg/Ctg,METTL4,0.611951516,0
3597974,rs10186193,T,C,SYNONYMOUS_CODING,LOW,SILENT,ccA/ccG,RNASEH1,0.828840651,0.023809524
148917513,.,T,C,NON_SYNONYMOUS_CODING,MODERATE,MISSENSE,aAc/aGc,CP,0.568041474,0.005235602
71360144,rs10199088,A,C,NON_SYNONYMOUS_CODING,MODERATE,MISSENSE,gAa/gCa,MPHOSPH10,0.101694915,0.083333333
3697554,.,C,A,UTR_3_PRIME,MODIFIER,NA,98,LRRC47,0.811571102,0.050980392
56480474,rs79222157,C,A,DOWNSTREAM,MODIFIER,NA,1073,ERBB3,0.506369427,0
57765877,rs183326274,A,G,NON_SYNONYMOUS_CODING,MODERATE,MISSENSE,Aga/Gga,ZNF805,0.632334272,0
14939067,rs45473500,A,C,SYNONYMOUS_CODING,LOW,SILENT,Agg/Cgg,SUV39H2,0.562466394,0
48166267,rs4752904,G,C,NON_SYNONYMOUS_CODING,MODERATE,MISSENSE,gaG/gaC,PTPRJ,0.005536958,-0.142857143
48353258,rs2306975,C,T,INTRON,MODIFIER,NA,NA,SPIDR,0.5625,0
33357262,rs2306277,A,G,NON_SYNONYMOUS_CODING,MODERATE,MISSENSE,cTg/cCg,FMN1,0.194347319,-0.380952381
3119304,rs2981599,A,G,NON_SYNONYMOUS_CODING,MODERATE,MISSENSE,gAc/gGc,IL32,1,0
9406704,rs11547584,G,A,UTR_5_PRIME,MODIFIER,NA,49,THUMPD3,0.417053723,0.074193548
5790420,rs2669142,T,C,NON_SYNONYMOUS_CODING,MODERATE,MISSENSE,gTg/gCg,FAM208B,0.024469478,-0.111111111
40319587,rs2294814,A,C,INTRON,MODIFIER,NA,NA,TRIT1,0.592885375,0
31121793,rs14235,G,A,SYNONYMOUS_CODING,LOW,SILENT,acG/acA,BCKDK,0.862156262,-0.075
202575821,rs3219168,G,A,SYNONYMOUS_CODING,LOW,SILENT,Ctg/Ttg,ALS2,0.5,0
43469496,rs28669680,A,T,INTRON,MODIFIER,NA,NA,TJAP1,0.5625,0.142857143
160448324,rs8191754,C,G,NON_SYNONYMOUS_CODING,MODERATE,MISSENSE,Ctg/Gtg,IGF2R,0.806552018,0
3624830,rs2246808,G,A,SYNONYMOUS_CODING,LOW,SILENT,ccG/ccA,ATRN,0.90163976,-0.015479876
3200249,rs45600442,C,T,SYNONYMOUS_CODING,LOW,SILENT,acG/acA,PITRM1,0.499691922,0.113513514
15644401,rs2287265,C,T,INTRON,MODIFIER,NA,NA,NBAS,0.534482759,0
27177907,rs17162316,C,G,INTRON,MODIFIER,NA,NA,ZDHHC18,0.07152268,-0.333333333
100048509,rs6813415,T,C,INTRON,MODIFIER,NA,NA,ADH4,0.510989011,0
38652993,rs332864,C,T,SYNONYMOUS_CODING,LOW,SILENT,tcC/tcT,SIPA1L3,0.208623319,-0.162698413
86287910,rs11073517,C,T,UTR_3_PRIME,MODIFIER,NA,2,AKAP13,0.866414252,0
151733162,rs79198441,G,A,INTRON,MODIFIER,NA,NA,MRPL9,0.543478261,0
51228802,rs1053020,T,G,UTR_3_PRIME,MODIFIER,NA,78,CLEC11A,0.113538938,-0.380952381
77907784,rs2271398,G,A,SYNONYMOUS_CODING,LOW,SILENT,atC/atT,LINGO1,0.765221878,0.057142857
81737076,rs2241621,A,C,NON_SYNONYMOUS_CODING,MODERATE,MISSENSE,Tct/Gct,STON2,0.833587275,0.018108652
44050342,rs4812899,T,C,INTRON,MODIFIER,NA,NA,PIGT,0.733333333,0.125
158364333,rs56075263,G,A,INTRON,MODIFIER,NA,NA,GFM1,0.537037037,0
53854397,rs10415799,G,C,NON_SYNONYMOUS_CODING,MODERATE,MISSENSE,Gaa/Caa,ZNF845,0.180124224,0.64375
13633929,rs10796097,T,G,INTRON,MODIFIER,NA,NA,PRPF18,0.23303902,0.357142857
9570320,rs329003,T,C,NON_SYNONYMOUS_CODING,MODERATE,MISSENSE,Ata/Gta,PPP4R1,0.609499502,0.010416667
30023090,rs111491630,A,G,INTRON,MODIFIER,NA,NA,TJP1,0.76477587,0.228571429
28120663,rs9295758,C,G,INTRON,MODIFIER,NA,NA,ZKSCAN8,0.581538462,0
143539785,rs12109284,T,C,UTR_3_PRIME,MODIFIER,NA,176,YIPF5,0.5,0
50482232,rs8104102,C,T,INTRON,MODIFIER,NA,NA,VRK3,0.406896552,-0.222222222
74229748,.,A,T,START_LOST,HIGH,MISSENSE,aTg/aAg,EEF1A1,2.85E-06,-0.134146341
131130678,rs10189689,T,C,INTRON,MODIFIER,NA,NA,PTPN18,0.566666667,0
85599281,.,C,G,INTRON,MODIFIER,NA,NA,WDFY3,0.542091837,0
55510110,rs17128136,G,A,SYNONYMOUS_CODING,LOW,SILENT,ccG/ccA,SOCS4,0.045538438,-0.1
91523713,rs1867226,C,G,INTRON,MODIFIER,NA,NA,PRC1,0.714285714,0.45
85570857,rs4832169,G,A,NON_SYNONYMOUS_CODING,MODERATE,MISSENSE,gCc/gTc,RETSAT,0.027372431,-0.273320896
35872307,rs3138054,C,T,INTRON,MODIFIER,NA,NA,NFKBIA,0.615384615,0.24
9934605,rs279553,T,C,SYNONYMOUS_CODING,LOW,SILENT,acT/acC,JAGN1,0.66327569,0
95147553,rs72665660,C,"T,CT",INTRON,MODIFIER,NA,NA,SMARCAD1,0.733333333,-0.038461538
51580467,rs78937603,C,G,INTRON,MODIFIER,NA,NA,NCOA4,0.518867925,0
33768199,rs1822403,G,A,SYNONYMOUS_CODING,LOW,SILENT,gaC/gaT,SLFN13,0.011364355,-0.25
89620328,rs12960,G,A,NON_SYNONYMOUS_CODING,MODERATE,MISSENSE,cGg/cAg,SPG7,0.708229936,0
3176671,.,A,G,SPLICE_SITE_REGION,LOW,NA,NA,PFKP,0.017241379,-0.5
92597228,rs3759722,C,A,INTRON,MODIFIER,NA,NA,CPSF2,0.769230769,-0.227272727
53259964,rs6064099,G,C,INTRON,MODIFIER,NA,NA,DOK5,0.700704225,0.404255319
38153875,rs7021,T,A,UTR_3_PRIME,MODIFIER,NA,41,PSMD3,0.143995098,-0.272727273
19800133,rs6497404,G,A,INTRON,MODIFIER,NA,NA,IQCK,0.534482759,0
89838236,rs7183618,G,A,SYNONYMOUS_CODING,LOW,SILENT,aaG/aaA,FANCI,0.5,0
25220274,rs182618931,C,G,INTRON,MODIFIER,NA,NA,SNRPN,0.583333333,0
63982708,.,G,T,NON_SYNONYMOUS_CODING,MODERATE,MISSENSE,Ctt/Att,ZNF680,0.67343589,0.136363636
38696708,rs74573108,G,A,DOWNSTREAM,MODIFIER,NA,4938,DPF1,0.714285714,0
247486528,rs61747077,C,T,SYNONYMOUS_CODING,LOW,SILENT,ctG/ctA,ZNF496,0.601881762,0
57060353,rs28438857,T,C,NON_SYNONYMOUS_CODING,MODERATE,MISSENSE,Tgc/Cgc,NLRC5,0.552841922,0
16893557,rs182298431,T,G,INTRON,MODIFIER,NA,NA,NBPF1,0.508048193,0
3175541,rs3740613,C,A,DOWNSTREAM,MODIFIER,NA,4378,PITRM1,0.552631579,0
4864419,rs34568477,G,A,SYNONYMOUS_CODING,LOW,SILENT,ctC/ctT,SLC23A2,0.588285906,0.017857143
9060812,rs1820099,T,C,SYNONYMOUS_CODING,LOW,SILENT,tcA/tcG,MUC16,0.411174281,-0.125
67142675,rs11208943,T,C,INTRON,MODIFIER,NA,NA,SGIP1,0.520833333,0
8999383,rs79909361,A,G,INTRON,MODIFIER,NA,NA,MUC16,0.7586727,-0.12
46237620,.,G,A,SYNONYMOUS_CODING,LOW,SILENT,ccG/ccA,PRKCE,0.539360562,0
3296279,rs2236115,G,A,INTRON,MODIFIER,NA,NA,C20orf194,0.534482759,0
21928338,rs1045812,C,T,UTR_3_PRIME,MODIFIER,NA,1017,RAB2B,0.689393939,0
19039072,rs58183479,A,G,NON_SYNONYMOUS_CODING,MODERATE,MISSENSE,Agg/Ggg,DDX49,0.05265441,0.333333333
30267309,.,A,G,SYNONYMOUS_CODING,LOW,SILENT,ccA/ccG,SUZ12,0.710493649,0
21606829,.,A,T,SYNONYMOUS_CODING,LOW,SILENT,acA/acT,ZNF493,0.578347578,0
195511234,.,G,A,NON_SYNONYMOUS_CODING,MODERATE,MISSENSE,aCt/aTt,MUC4,0.509974878,0
56462840,rs9370541,G,A,INTRON,MODIFIER,NA,NA,DST,0.611111111,0.25
180219304,rs7726005,C,T,NON_SYNONYMOUS_CODING,MODERATE,MISSENSE,cGg/cAg,MGAT1,0.631244437,0
5418508,rs10815215,G,A,INTRON,MODIFIER,NA,NA,PLGRKT,0.206521739,0.6
47563692,rs2039503,C,T,SYNONYMOUS_CODING,LOW,SILENT,Ctg/Ttg,CD2AP,1,0
32796297,.,G,A,DOWNSTREAM,MODIFIER,NA,3133,MARCKSL1,0.518294432,0.012345679
105414280,rs2819429,T,G,NON_SYNONYMOUS_CODING,MODERATE,MISSENSE,gAg/gCg,AHNAK2,0.003128077,-0.3
100845007,rs2281732,A,G,DOWNSTREAM,MODIFIER,NA,1628,TRIM14,0.592885375,0
62298673,rs7261546,C,G,INTRON,MODIFIER,NA,NA,RTEL1,0.526791116,0.018181818
28122408,rs55768029,C,A,UTR_3_PRIME,MODIFIER,NA,64,LNX2,0.182318841,-0.214285714
109778577,rs658092,T,C,INTRON,MODIFIER,NA,NA,SARS,0.009259259,1
58318619,rs1047979,C,G,SYNONYMOUS_CODING,LOW,SILENT,ctG/ctC,LPXN,0.631790102,0.086124402
94581196,.,G,C,SPLICE_SITE_ACCEPTOR,HIGH,NA,NA,IFI27,0.117773706,-0.060606061
78327358,rs7216493,G,A,SYNONYMOUS_CODING,LOW,SILENT,gaG/gaA,RNF213,0.566995612,0
38119885,rs623945,G,A,INTRON,MODIFIER,NA,NA,TBC1D1,0.571428571,0
35281421,rs4842,T,C,NON_SYNONYMOUS_CODING,MODERATE,MISSENSE,aAa/aGa,ATP5O,0.057019573,-0.06
47918205,rs501128,G,A,SYNONYMOUS_CODING,LOW,SILENT,ccC/ccT,ZNF630,0.607930292,0
198248146,.,C,G,NON_SYNONYMOUS_CODING,MODERATE,MISSENSE,Ctt/Gtt,NEK7,0.707409549,0
190878569,.,T,C,NON_SYNONYMOUS_CODING,MODERATE,MISSENSE,tTg/tCg,FRG1,0.141928329,-0.071861472
183900370,rs114090302,G,T,INTRON,MODIFIER,NA,NA,AP2M1,0.592885375,0
33106893,rs3760937,A,G,INTRON,MODIFIER,NA,NA,ANKRD27,0.230769231,0.583333333
6709848,rs2230204,C,T,SYNONYMOUS_CODING,LOW,SILENT,gtG/gtA,C3,0.521045924,-0.061425061
30091714,rs2482089,G,A,SYNONYMOUS_CODING,LOW,SILENT,ctC/ctT,SLC7A1,0.063636364,0.142857143
156971581,rs870745,T,C,INTRON,MODIFIER,NA,NA,UBE3C,0.515151515,0
466434,.,G,A,UTR_5_PRIME,MODIFIER,NA,37,ZNF721,0.713251645,0.05
31819407,rs34746219,A,C,INTRON,MODIFIER,NA,NA,ZCCHC17,0.613636364,0.238095238
24435482,.,C,G,INTRON,MODIFIER,NA,NA,DHRS4,0.513043478,0.026315789
209811886,rs2076356,T,G,SYNONYMOUS_CODING,LOW,SILENT,tcA/tcC,LAMB3,0.87424567,0.020979021
41808416,rs146851124,G,A,INTRON,MODIFIER,NA,NA,HNRNPUL1,0.552631579,0
20003109,rs8106559,A,G,SYNONYMOUS_CODING,LOW,SILENT,ctA/ctG,ZNF253,0.565168621,0
142458270,.,G,C,INTRON,MODIFIER,NA,NA,PRSS1,0.762443439,0.32
182783653,rs2303553,T,C,INTRON,MODIFIER,NA,NA,SSFA2,0.548172757,0
77255941,rs17467232,T,C,INTRON,MODIFIER,NA,NA,PTPN12,0.759615385,0.131578947
14231330,rs8102698,A,G,SYNONYMOUS_CODING,LOW,SILENT,Ttg/Ctg,ASF1B,1,0
163208893,rs17783344,T,G,NON_SYNONYMOUS_CODING,MODERATE,MISSENSE,Tct/Gct,GCA,0.09860554,-0.254919499
219602499,rs3731877,G,C,NON_SYNONYMOUS_CODING,MODERATE,MISSENSE,Gag/Cag,TTLL4,0.811550055,0
108700316,rs829002,G,C,INTRON,MODIFIER,NA,NA,SLC25A24,0.518867925,0
72638892,rs1800431,T,C,NON_SYNONYMOUS_CODING,MODERATE,MISSENSE,Ata/Gta,HEXA,0.5,0
52109841,rs731684,T,C,UTR_3_PRIME,MODIFIER,NA,62,POC1A,0.01573444,-0.388888889
47085182,.,A,C,NON_SYNONYMOUS_CODING,MODERATE,MISSENSE,Aag/Cag,CDK16,0.022708472,-0.048192771
75196731,rs7881,A,G,UTR_3_PRIME,MODIFIER,NA,182,POLE4,0.900082391,0.026143791
54805765,rs1249181,C,T,INTRON,MODIFIER,NA,NA,ITGA5,0.027027027,-0.5
78429298,.,T,A,NON_SYNONYMOUS_CODING,MODERATE,MISSENSE,Att/Ttt,FUBP1,0.5,0
16633950,rs1043481,T,C,SYNONYMOUS_CODING,LOW,SILENT,ccA/ccG,CHERP,0.330838979,-0.201923077
136582476,.,T,A,NON_SYNONYMOUS_CODING,MODERATE,MISSENSE,gAt/gTt,BCLAF1,0.626791324,0
1616206,rs6043409,A,G,NON_SYNONYMOUS_CODING,MODERATE,MISSENSE,gTg/gCg,SIRPG,0.003424658,-1
88056925,rs342464,A,G,UTR_3_PRIME,MODIFIER,NA,72,AFF1,0.5,0
2618090,.,T,C,SYNONYMOUS_CODING,LOW,SILENT,caA/caG,HLA-B,0.785213351,-0.005759858
47200394,.,C,A,UTR_3_PRIME,MODIFIER,NA,107,TNFRSF21,0.30993292,0.071428571
7963041,rs2076015,C,T,NON_SYNONYMOUS_CODING,MODERATE,MISSENSE,Gga/Aga,TMX4,0.560413081,0
25426768,rs9358856,G,A,NON_SYNONYMOUS_CODING,MODERATE,MISSENSE,Gtt/Att,LRRC16A,0.576347103,0.012820513
183881775,rs1709642,A,G,INTRON,MODIFIER,NA,NA,DVL3,0.053571429,0.578947368
21406790,.,G,A,INTRON,MODIFIER,NA,NA,LAMA3,0.689393939,0
36929260,rs142790432,T,C,DOWNSTREAM,MODIFIER,NA,2384,CSF3R,0.214285714,0.615384615
183703336,rs288326,G,A,NON_SYNONYMOUS_CODING,MODERATE,MISSENSE,Cgg/Tgg,FRZB,0.580334174,0
114077432,rs56133750,C,T,INTRON,MODIFIER,NA,NA,ADPRHL1,0.590909091,0
130116397,rs10987605,G,A,INTRON,MODIFIER,NA,NA,GARNL3,0.530529172,0
67787247,rs199800006,G,A,NON_SYNONYMOUS_CODING,MODERATE,MISSENSE,Gac/Aac,ALDH3B1,0.535714286,0.076923077
156562427,.,A,G,NON_SYNONYMOUS_CODING,MODERATE,MISSENSE,Atg/Gtg,APOA1BP,0.714285714,-0.016666667
9210373,rs8045589,A,T,INTRON,MODIFIER,NA,NA,C16orf72,0.804683226,-0.042857143
2785636,rs1059630,G,T,UTR_3_PRIME,MODIFIER,NA,120,WRNIP1,0.5,0
39684153,.,T,G,NON_SYNONYMOUS_CODING,MODERATE,MISSENSE,tAc/tCc,KRT19,0.211033064,-0.028985507
169648767,rs12178180,G,A,SYNONYMOUS_CODING,LOW,SILENT,aaC/aaT,THBS2,0.77921558,-0.032051282
46276056,rs16939,C,A,INTRON,MODIFIER,NA,NA,DMPK,0.233333333,0.571428571
66665146,rs2280334,T,C,INTRON,MODIFIER,NA,NA,MEIS1,0.192307692,0.2
156645055,rs115932741,T,C,INTRON,MODIFIER,NA,NA,ITK,0.52173913,0
115928275,rs3810908,T,C,DOWNSTREAM,MODIFIER,NA,1853,SLC31A2,0.5,0
31821972,rs76908476,C,T,INTRON,MODIFIER,NA,NA,ZCCHC17,0.642857143,0
58678057,rs17832891,G,A,SYNONYMOUS_CODING,LOW,SILENT,acG/acA,ACTR10,0.685432004,-0.050462963
144863401,rs71225704,T,C,NON_SYNONYMOUS_CODING,MODERATE,MISSENSE,gAg/gGg,PDE4DIP,0.504878049,0
52342410,rs115866639,T,C,INTRON,MODIFIER,NA,NA,MAPK6,0.534482759,0
31376995,rs6119285,C,T,INTRON,MODIFIER,NA,NA,DNMT3B,0.142857143,0.833333333
12876964,rs897804,G,C,NON_SYNONYMOUS_CODING,MODERATE,MISSENSE,caC/caG,HOOK2,0.238909239,-0.252173913
40503518,.,G,C,NON_SYNONYMOUS_CODING,MODERATE,MISSENSE,gGt/gCt,RPL14,0.605168659,-0.012875536
136582092,rs62431280,C,A,UTR_3_PRIME,MODIFIER,NA,156,BCLAF1,0.108736634,0.333333333
26136282,rs147587542,C,T,SYNONYMOUS_CODING,LOW,SILENT,cgC/cgT,SEPN1,0.544011605,0.072100313
148727133,rs4938,G,A,SYNONYMOUS_CODING,LOW,SILENT,ccG/ccA,GYG1,0.120829573,0.263492063
89950575,rs202244746,G,A,INTRON,MODIFIER,NA,NA,FAM13A,0.513888889,0
99758136,rs3800951,T,G,SYNONYMOUS_CODING,LOW,SILENT,gcA/gcC,GAL3ST4,0.62007872,0
294953,rs1017361,A,G,SYNONYMOUS_CODING,LOW,SILENT,gaA/gaG,ZMYND11,1,0
143092471,rs9484670,T,C,SYNONYMOUS_CODING,LOW,SILENT,ccA/ccG,HIVEP2,0.367602539,0.104545455
44379838,rs8418,A,G,NON_SYNONYMOUS_CODING,MODERATE,MISSENSE,Atc/Gtc,SAMM50,0.00045952,0.279950231
12308662,rs10466848,G,C,INTRON,MODIFIER,NA,NA,LRP6,0.571428571,0
111983634,.,C,T,UTR_3_PRIME,MODIFIER,NA,218,WDR77,0.5,0
23596320,rs761874,A,G,UTR_3_PRIME,MODIFIER,NA,66,SLC7A8,0.323240613,0.186868687
140006202,rs13631,G,A,SYNONYMOUS_CODING,LOW,SILENT,ctC/ctT,DPP7,1,0
49065897,.,T,G,SYNONYMOUS_CODING,LOW,SILENT,acA/acC,IMPDH2,0.000694479,-0.173913043
6371476,rs1982386,C,T,INTRON,MODIFIER,NA,NA,ANGPT2,0.620915033,0
39611211,rs7318688,A,G,INTRON,MODIFIER,NA,NA,PROSER1,0.796037296,0
68993014,rs12680555,T,C,SYNONYMOUS_CODING,LOW,SILENT,Tta/Cta,PREX2,0.85691212,0.020833333
150971861,.,G,C,NON_SYNONYMOUS_CODING,MODERATE,MISSENSE,aCc/aGc,FAM63A,0.521284731,0.005347594
16168489,rs75762102,T,C,INTRON,MODIFIER,NA,NA,TAPT1,0.709090909,0
21914857,rs118128251,A,G,INTRON,MODIFIER,NA,NA,MLLT10,0.521856007,0
79911290,rs9448657,G,A,UTR_3_PRIME,MODIFIER,NA,115,HMGN3,1,0
39714490,rs6509,C,T,SYNONYMOUS_CODING,LOW,SILENT,ccG/ccA,RPL3,1.63E-05,0.229685535
109884775,rs2228604,T,G,SYNONYMOUS_CODING,LOW,SILENT,acA/acC,SORT1,0.040044289,-0.166666667
39976734,rs4803247,G,A,INTRON,MODIFIER,NA,NA,TIMM50,0.625,0
141309824,rs351260,G,A,NON_SYNONYMOUS_CODING,MODERATE,MISSENSE,Gct/Act,KIAA0141,0.814314947,0.088235294
101730010,rs201501488,T,C,NON_SYNONYMOUS_CODING,MODERATE,MISSENSE,gAt/gGt,PABPC1,5.36E-05,0.104827136
28412415,rs11049489,T,C,INTRON,MODIFIER,NA,NA,CCDC91,0.176470588,0.666666667
56435929,rs1131017,C,G,START_GAINED,LOW,NA,NA,RPS26,0.000685851,0.289567916
78758677,rs2958720,G,C,NON_SYNONYMOUS_CODING,MODERATE,MISSENSE,Gtt/Ctt,IREB2,0.5,0
28617507,rs41278160,C,T,SYNONYMOUS_CODING,LOW,SILENT,ctG/ctA,SULT1A1,0.514633573,0
39610177,rs6947660,A,G,NON_SYNONYMOUS_CODING,MODERATE,MISSENSE,Aaa/Gaa,YAE1D1,0.640703823,0
64962630,rs11633399,A,C,SPLICE_SITE_REGION,LOW,NA,NA,ZNF609,0.90807785,0
9063678,rs2547064,T,G,NON_SYNONYMOUS_CODING,MODERATE,MISSENSE,gAc/gCc,MUC16,1,0
71125339,rs28676469,G,A,SYNONYMOUS_CODING,LOW,SILENT,ttC/ttT,LARP6,0.62129649,0
60963494,rs6089356,C,T,DOWNSTREAM,MODIFIER,NA,192,CABLES2,0.125010705,0.337313433
5141262,rs66712885,G,T,DOWNSTREAM,MODIFIER,NA,894,AKR1C3,0.634615385,0.28
24458211,rs2273947,A,T,NON_SYNONYMOUS_CODING,MODERATE,MISSENSE,Atg/Ttg,DHRS4L2,0.774613003,0.0625
97673268,rs832079,A,C,SYNONYMOUS_CODING,LOW,SILENT,tcT/tcG,MINA,0.860881512,0
236716686,rs1475133,G,A,DOWNSTREAM,MODIFIER,NA,407,LGALS8,0.611111111,0.25
60064,.,A,G,INTRON,MODIFIER,NA,NA,ZNF718,0.523255814,0
45911932,rs2147503,T,C,INTRON,MODIFIER,NA,NA,TPT1,0.722222222,0.5
67264679,rs2276120,C,T,INTRON,MODIFIER,NA,NA,PITPNM1,0.642857143,0
33342477,rs6087625,G,A,INTRON,MODIFIER,NA,NA,NCOA6,0.51010101,0
76423248,rs7986131,T,C,NON_SYNONYMOUS_CODING,MODERATE,MISSENSE,aTg/aCg,LMO7,0.118181818,0.076923077
160198359,rs3464,C,T,SYNONYMOUS_CODING,LOW,SILENT,gtC/gtT,ACAT2,0.552219063,0
189921651,rs200327689,T,C,INTRON,MODIFIER,NA,NA,COL5A2,0.674796748,0.352459016
33434831,rs2293250,G,A,SYNONYMOUS_CODING,LOW,SILENT,acC/acT,UBP1,0.586152417,-0.101960784
41151954,.,T,C,NON_SYNONYMOUS_CODING,MODERATE,MISSENSE,aTt/aCt,RPL27,0.410412584,-0.015625
49954118,rs186731884,A,G,INTRON,MODIFIER,NA,NA,PIH1D1,0.518956092,0
27833174,rs200981,A,G,SYNONYMOUS_CODING,LOW,SILENT,aaA/aaG,HIST1H2AL,0.845747831,0
88880811,rs11076715,C,T,UPSTREAM,MODIFIER,NA,2469,APRT,0.038311688,0.666666667
31022590,rs12169610,C,T,UTR_3_PRIME,MODIFIER,NA,82,TCN2,0.591790278,0.088888889
178932,.,G,C,SPLICE_SITE_ACCEPTOR,HIGH,NA,NA,USP14,9.31E-09,-0.857142857
44103019,rs59028814,G,C,INTRON,MODIFIER,NA,NA,TMEM63B,0.55,0
141582896,rs13276958,T,C,INTRON,MODIFIER,NA,NA,AGO2,0.686813187,0.377777778
18633971,rs11605097,G,A,SYNONYMOUS_CODING,LOW,SILENT,gaC/gaT,SPTY2D1,0.575691361,0
41105926,rs690347,T,G,NON_SYNONYMOUS_CODING,MODERATE,MISSENSE,Tcc/Gcc,ZFYVE19,0.651010988,0
61817938,rs3736758,C,G,INTRON,MODIFIER,NA,NA,NFIA,0.611111111,0.25
47753994,rs148348959,C,T,INTRON,MODIFIER,NA,NA,FNBP4,0.574364627,0
42872779,rs2273951,C,T,SYNONYMOUS_CODING,LOW,SILENT,taC/taT,AKAP11,0.359202011,-0.14
124708399,rs12243832,G,T,INTRON,MODIFIER,NA,NA,C10orf88,0.750445633,-0.09375
97888730,rs4647512,C,T,INTRON,MODIFIER,NA,NA,FANCC,0.521276596,0
61324033,rs3786333,T,C,INTRON,MODIFIER,NA,NA,SERPINB3,0.736263736,0.475138122
43809092,rs45598239,C,T,NON_SYNONYMOUS_CODING,MODERATE,MISSENSE,Gct/Act,TMPRSS3,0.621018333,0
99702947,rs41280968,G,A,NON_SYNONYMOUS_CODING,MODERATE,MISSENSE,cGc/cAc,AP4M1,0.522220226,0
8999488,rs200071553,C,T,NON_SYNONYMOUS_CODING,MODERATE,MISSENSE,Gac/Aac,MUC16,0.003707787,0.096153846
35612123,.,C,A,SPLICE_SITE_REGION,LOW,NA,NA,FXYD3,0.000116948,-0.666666667
60617834,rs530963,C,A,DOWNSTREAM,MODIFIER,NA,564,PTGDR2,0.5,0
78184566,rs176960,C,A,SYNONYMOUS_CODING,LOW,SILENT,gtG/gtT,SNW1,0.867688548,0.034359341
15770209,rs61757206,C,T,SYNONYMOUS_CODING,LOW,SILENT,acC/acT,DDX1,0.104583028,-0.095238095
77893831,.,A,T,UPSTREAM,MODIFIER,NA,4432,NOXRED1,0.077219498,-0.105263158
4411241,rs926101,C,T,SYNONYMOUS_CODING,LOW,SILENT,caG/caA,TRIM21,0.808436533,-0.066666667
61732251,.,G,A,NON_SYNONYMOUS_CODING,MODERATE,MISSENSE,gCg/gTg,FTH1,0.5,0
188327461,rs1059380,C,T,SYNONYMOUS_CODING,LOW,SILENT,gaC/gaT,LPP,0.519773293,0.077941176
902869,rs12941159,A,G,DOWNSTREAM,MODIFIER,NA,3889,ABR,0.208333333,-0.6
61901197,rs2727288,T,A,NON_SYNONYMOUS_CODING,MODERATE,MISSENSE,Agc/Tgc,FTSJ3,0.53092249,0
44521521,.,T,G,SPLICE_SITE_DONOR,HIGH,NA,NA,CTSA,0.015488192,-0.374358974
11734049,rs1063301,C,G,DOWNSTREAM,MODIFIER,NA,488,MAD2L2,0.804562986,0
99812070,rs1044575,G,A,NON_SYNONYMOUS_CODING,MODERATE,MISSENSE,Gca/Aca,MRPL30,0.5,0
48145166,rs2270993,G,A,SPLICE_SITE_REGION,LOW,NA,NA,PTPRJ,0.55810926,0
60913127,rs8124907,A,G,SYNONYMOUS_CODING,LOW,SILENT,gcT/gcC,LAMA5,0.412325285,-0.088850174
132262994,rs374091038,T,G,INTRON,MODIFIER,NA,NA,AFF4,0.5625,0
53453429,.,C,T,SYNONYMOUS_CODING,LOW,SILENT,ggG/ggA,ZNF816,0.514869281,0
159047536,rs16900886,C,T,INTRON,MODIFIER,NA,NA,TMEM181,0.796037296,-0.071428571
15259254,rs115711976,A,G,INTRON,MODIFIER,NA,NA,CAPN7,0.714285714,0.5
120508803,rs2493410,T,C,INTRON,MODIFIER,NA,NA,NOTCH2,0.31372549,0.375
61179285,rs3019198,G,A,SYNONYMOUS_CODING,LOW,SILENT,atC/atT,CPSF7,0.5,0
225768,rs12520059,G,C,INTRON,MODIFIER,NA,NA,SDHA,0.7,0.411764706
32375680,.,T,C,SYNONYMOUS_CODING,LOW,SILENT,gaA/gaG,PTP4A2,0.519502117,-0.012345679
36944902,rs9296205,T,C,INTRON,MODIFIER,NA,NA,MTCH1,0.533333333,0
34882436,rs77858972,A,C,INTRON,MODIFIER,NA,NA,GPI,0.024480428,-0.266666667
78187316,rs176965,A,C,DOWNSTREAM,MODIFIER,NA,3375,SLIRP,0.551923077,0
57009796,rs2234487,C,T,INTRON,MODIFIER,NA,NA,VAPB,0.339406208,0.459459459
154401796,rs2229237,C,T,SYNONYMOUS_CODING,LOW,SILENT,caC/caT,IL6R,0.590121044,0
49580449,rs1055956,C,A,SYNONYMOUS_CODING,LOW,SILENT,ggG/ggT,TUBA1A,0.195056128,-0.012987013
11894428,rs139692409,G,A,NON_SYNONYMOUS_CODING,MODERATE,MISSENSE,cCa/cTa,ZNF18,0.518263718,0
10420982,rs75231016,G,C,UPSTREAM,MODIFIER,NA,749,ZGLP1,1,0
22857504,rs2286498,T,C,INTRON,MODIFIER,NA,NA,TOMM7,0.709090909,0
78527008,.,C,A,UTR_5_PRIME,MODIFIER,NA,12,CXCL13,0.03814069,-0.125
137802404,rs11743810,C,T,INTRON,MODIFIER,NA,NA,EGR1,1,0
191087551,rs697905,G,A,INTRON,MODIFIER,NA,NA,CCDC50,0.775,-0.128205128
157174794,rs140169695,C,T,INTRON,MODIFIER,NA,NA,DNAJB6,0.082417582,0.666666667
9003608,.,G,"A,T",SYNONYMOUS_CODING,LOW,SILENT,ggC/ggA,MUC16,0.47175998,-0.134146341
168205616,.,A,G,INTRON,MODIFIER,NA,NA,SFT2D2,0.571428571,0
44328830,rs4148976,A,G,INTRON,MODIFIER,NA,NA,NDUFV3,0.74,0.5
160318717,rs181192135,C,T,INTRON,MODIFIER,NA,NA,NCSTN,0.510638298,0
72948369,rs17853024,A,G,SYNONYMOUS_CODING,LOW,SILENT,atT/atC,HID1,1,0
42716275,rs4818234,G,A,INTRON,MODIFIER,NA,NA,FAM3B,0.555555556,0
2724930,rs633422,A,T,NON_SYNONYMOUS_CODING,MODERATE,MISSENSE,aaA/aaT,SMCHD1,0.440045249,-0.216666667
68708761,rs2306393,C,T,NON_SYNONYMOUS_CODING,MODERATE,MISSENSE,cGt/cAt,MDM1,0.505649231,0.166071429
57888510,rs1718830,T,C,INTRON,MODIFIER,NA,NA,POLR2B,0.575396825,0
120907271,rs11548262,G,T,SYNONYMOUS_CODING,LOW,SILENT,Cgg/Agg,SRSF9,1,0
33722425,rs1789549,A,G,INTRON,MODIFIER,NA,NA,ELP2,0.518867925,0
74990127,rs12570053,A,T,INTRON,MODIFIER,NA,NA,FAM149B1,0.620915033,0
19854088,rs6483617,G,A,NON_SYNONYMOUS_CODING,MODERATE,MISSENSE,aGg/aAg,NAV2,0.817291798,0.091954023
195510156,rs201141296,G,A,SYNONYMOUS_CODING,LOW,SILENT,caC/caT,MUC4,0.020833333,-0.489361702
62334908,rs1061093,G,C,SYNONYMOUS_CODING,LOW,SILENT,ggC/ggG,EEF1G,1.27E-06,-0.523734177
203417783,rs17199228,T,A,INTRON,MODIFIER,NA,NA,BMPR2,0.576923077,0
7849688,rs4655,T,C,UTR_3_PRIME,MODIFIER,NA,63,ATP5C1,0.719317076,0.045454545
31927455,.,C,G,NON_SYNONYMOUS_CODING,MODERATE,MISSENSE,Cag/Gag,ZNF267,0.559491349,0
110146303,rs1127771,G,A,SYNONYMOUS_CODING,LOW,SILENT,tcG/tcA,FIG4,0.858418723,0
116635942,rs2721939,C,T,INTRON,MODIFIER,NA,NA,TRPS1,0.111111111,0.166666667
23223116,rs309466,C,T,INTRON,MODIFIER,NA,NA,EPHB2,0.222222222,0.576923077
38684853,rs2037204,T,C,SYNONYMOUS_CODING,LOW,SILENT,ccT/ccC,TACC1,0.261988952,0.209090909
103297707,rs2293982,T,C,INTRON,MODIFIER,NA,NA,UBR5,0.50729927,0
52268008,rs3748066,T,G,UTR_5_PRIME,MODIFIER,NA,4,PAQR8,0.071588802,-0.25
170011300,.,A,T,SPLICE_SITE_REGION,LOW,NA,NA,PRKCI,2.78E-10,-1
745413,rs3739586,A,G,UTR_3_PRIME,MODIFIER,NA,178,KANK1,0.5,0
66762747,rs11075642,T,C,INTRON,MODIFIER,NA,NA,DYNC1LI2,0.666666667,0.352941176
39118745,rs3732375,A,G,INTRON,MODIFIER,NA,NA,WDR48,0.361184558,0.5
10784717,rs149006687,C,T,NON_SYNONYMOUS_CODING,MODERATE,MISSENSE,Gaa/Aaa,MAK,0.565182183,0
105776792,rs6902415,G,A,SYNONYMOUS_CODING,LOW,SILENT,ttC/ttT,PREP,0.558507477,0
202050677,rs3900115,A,G,SYNONYMOUS_CODING,LOW,SILENT,tcA/tcG,CASP10,0.749384428,0.041013825
76257892,rs12703,A,T,SYNONYMOUS_CODING,LOW,SILENT,gcA/gcT,RABGGTB,0.5,0
29980488,.,T,C,SYNONYMOUS_CODING,LOW,SILENT,ggA/ggG,SCRN1,0.628311184,0
37198582,rs142678293,C,T,NON_SYNONYMOUS_CODING,MODERATE,MISSENSE,Ccc/Tcc,RALGAPB,0.730515657,0
228220288,rs56310237,A,G,INTRON,MODIFIER,NA,NA,MFF,0.538461538,0
216300482,rs1250259,T,A,NON_SYNONYMOUS_CODING,MODERATE,MISSENSE,cAg/cTg,FN1,0.61495308,-0.013245033
179305654,rs6443659,A,T,DOWNSTREAM,MODIFIER,NA,601,MRPL47,0.597402597,0
169890574,rs4519,T,A,UTR_3_PRIME,MODIFIER,NA,243,KIFAP3,0.5,0
131379967,rs2227862,C,T,SYNONYMOUS_CODING,LOW,SILENT,acC/acT,SPTAN1,1,0
102568296,rs10873531,G,A,SYNONYMOUS_CODING,LOW,SILENT,acC/acT,HSP90AA1,0.357894737,-0.486486486
54354623,.,T,C,UTR_5_PRIME,MODIFIER,NA,13,YIPF1,0.011066991,-0.25
195512693,rs79034632,A,G,NON_SYNONYMOUS_CODING,MODERATE,MISSENSE,Tct/Cct,MUC4,0.539335318,0
26900382,rs117983797,C,T,DOWNSTREAM,MODIFIER,NA,4201,SPAG5,0.950218669,0
21306005,rs375923475,C,T,SYNONYMOUS_CODING,LOW,SILENT,acG/acA,N6AMT2,0.052768468,-0.083333333
47812587,rs11555886,C,T,SYNONYMOUS_CODING,LOW,SILENT,aaG/aaA,CXXC1,0.352837163,-0.180952381
17452399,rs61730224,C,T,SYNONYMOUS_CODING,LOW,SILENT,Ctg/Ttg,GTPBP3,0.612821605,0
153741512,rs74115713,C,A,INTRON,MODIFIER,NA,NA,INTS3,0.801930502,0.015151515
217364452,rs284573,C,G,INTRON,MODIFIER,NA,NA,RPL37A,0.803571429,0
20784718,rs1132644,G,T,SPLICE_SITE_REGION,LOW,NA,NA,CCNB1IP1,0.5,0
6172348,rs2239159,C,A,INTRON,MODIFIER,NA,NA,VWF,0.708333333,0.434782609
27089634,.,G,A,NON_SYNONYMOUS_CODING,MODERATE,MISSENSE,Ggc/Agc,ARID1A,0.537545757,0.008403361
28517436,rs75181529,T,C,SYNONYMOUS_CODING,LOW,SILENT,ccA/ccG,HERC2,0.053033168,-0.41025641
66793677,rs12101954,G,C,INTRON,MODIFIER,NA,NA,RPL4,0.772130122,0.328467153
48179044,rs3815133,C,G,DOWNSTREAM,MODIFIER,NA,2508,SLC48A1,0.5,0
80366202,rs11745040,G,A,INTRON,MODIFIER,NA,NA,RASGRF2,0.673076923,0
5126689,rs2585271,G,A,SYNONYMOUS_CODING,LOW,SILENT,atC/atT,SCIMP,0.608504238,0
6630833,rs1043390,G,A,SYNONYMOUS_CODING,LOW,SILENT,ccG/ccA,ILK,0.970574109,0
23489711,rs1135045,C,G,NON_SYNONYMOUS_CODING,MODERATE,MISSENSE,Gca/Cca,GGA2,0.122965151,-0.222222222
56088902,rs77329757,C,T,NON_SYNONYMOUS_CODING,MODERATE,MISSENSE,Gtc/Atc,PSPH,0.019232798,-0.333333333
135098519,rs72864790,G,A,INTRON,MODIFIER,NA,NA,TUBGCP2,0.517241379,0
10302056,rs2241314,A,G,NON_SYNONYMOUS_CODING,MODERATE,MISSENSE,cAt/cGt,TATDN2,0.501034983,-0.164102564
23028724,rs1042579,G,A,NON_SYNONYMOUS_CODING,MODERATE,MISSENSE,gCc/gTc,THBD,0.296565153,-0.19047619
35229673,rs1467558,T,C,NON_SYNONYMOUS_CODING,MODERATE,MISSENSE,aTa/aCa,CD44,0.114402965,-0.217391304
35865054,rs4608,C,T,SYNONYMOUS_CODING,LOW,SILENT,Ctg/Ttg,RPN2,0.221635241,-0.025210084
106987370,rs783396,A,C,NON_SYNONYMOUS_CODING,MODERATE,MISSENSE,gAa/gCa,AIM1,0.555533672,0
145124295,rs59277223,C,A,INTRON,MODIFIER,NA,NA,UTRN,0.127906977,0.761904762
86119898,rs2274738,A,G,INTRON,MODIFIER,NA,NA,ZNHIT6,0.576923077,0
155026942,rs6427128,A,C,NON_SYNONYMOUS_CODING,MODERATE,MISSENSE,aAg/aCg,ADAM15,0.654721775,0
83787875,rs41279293,T,C,INTRON,MODIFIER,NA,NA,SEC31A,0.555555556,0
23400194,rs250587,G,A,UTR_3_PRIME,MODIFIER,NA,47,COG7,0.135492846,0.228478964
12942328,rs3773309,T,C,INTRON,MODIFIER,NA,NA,IQSEC1,0.79020979,-0.083333333
47640349,rs78476140,G,A,UTR_3_PRIME,MODIFIER,NA,36,MTCH2,0.030492247,-0.2
23627369,rs140504,A,G,NON_SYNONYMOUS_CODING,MODERATE,MISSENSE,aAt/aGt,BCR,0.5,0
202861566,rs1042990,A,G,UPSTREAM,MODIFIER,NA,3181,RABIF,0.051950525,-0.346743295
142185580,rs12675070,G,A,INTRON,MODIFIER,NA,NA,DENND3,0.568126221,0
63999240,rs3741404,G,C,DOWNSTREAM,MODIFIER,NA,1752,NUDT22,0.157271557,0.343137255
190876319,rs77450681,A,T,INTRON,MODIFIER,NA,NA,FRG1,0.085659081,0.592592593
10508938,rs3802917,T,C,INTRON,MODIFIER,NA,NA,AMPD3,0.194029851,-0.621212121
113398919,rs2072136,G,A,SYNONYMOUS_CODING,LOW,SILENT,tcG/tcA,OAS3,0.79020979,0.044444444
50966914,rs470119,T,C,DOWNSTREAM,MODIFIER,NA,1924,ODF3B,0.236734694,-0.288888889
17412366,rs11086066,G,A,SYNONYMOUS_CODING,LOW,SILENT,gcC/gcT,ABHD8,0.585605342,0
158636910,rs2227861,G,A,SYNONYMOUS_CODING,LOW,SILENT,gcC/gcT,ACVR1,0.531825481,0
34312834,rs2425105,C,T,INTRON,MODIFIER,NA,NA,RBM39,0.72972973,0.472222222
85725937,rs592297,C,T,SYNONYMOUS_CODING,LOW,SILENT,caG/caA,PICALM,0.533590094,-0.073863636
61099072,rs2230356,G,A,SYNONYMOUS_CODING,LOW,SILENT,ccC/ccT,DDB1,0.544435555,0.008130081
90220134,rs41283675,G,A,INTRON,MODIFIER,NA,NA,DAPK1,0.544760078,0
113345147,rs6533616,A,G,NON_SYNONYMOUS_CODING,MODERATE,MISSENSE,Aat/Gat,ALPK1,0.573468781,0
52129484,rs2230240,C,T,NON_SYNONYMOUS_CODING,MODERATE,MISSENSE,Gaa/Aaa,MCM3,0.28520313,0.106878307
73969835,rs3744032,C,T,NON_SYNONYMOUS_CODING,MODERATE,MISSENSE,Ggc/Agc,ACOX1,0.555525177,0
138602523,rs2774962,T,C,NON_SYNONYMOUS_CODING,MODERATE,MISSENSE,Aga/Gga,KIAA1549,0.811047098,0
116615045,rs3180654,T,C,SYNONYMOUS_CODING,LOW,SILENT,ttT/ttC,FAM160B1,0.748482067,0
35992691,rs8100640,A,G,DOWNSTREAM,MODIFIER,NA,1515,DMKN,0.147058824,-0.75
68497597,rs77075932,C,A,SYNONYMOUS_CODING,LOW,SILENT,ctG/ctT,UBA6,0.683410395,0
135956218,rs75376102,G,A,INTRON,MODIFIER,NA,NA,RBMX,7.63E-07,0.388888889
77625946,rs117836900,C,T,SPLICE_SITE_REGION,LOW,NA,NA,MYCBP2,0.723979019,0
73570915,rs75909267,C,T,INTRON,MODIFIER,NA,NA,LLGL2,0.034075892,0.3515625
35302705,rs12830,C,T,SYNONYMOUS_CODING,LOW,SILENT,tcG/tcA,CUL2,0.232840367,-0.076923077
79671,.,G,C,INTRON,MODIFIER,NA,NA,LOC389831,1,0
184293769,rs7652597,T,C,SYNONYMOUS_CODING,LOW,SILENT,tgT/tgC,EPHB3,0.827799985,-0.005376344
35735967,rs11156878,A,G,NON_SYNONYMOUS_CODING,MODERATE,MISSENSE,aAt/aGt,KIAA0391,0.098468771,-0.211683849
1761609,.,C,T,INTRON,MODIFIER,NA,NA,RPA1,0.518431983,0.018867925
73811755,rs7883332,C,T,SYNONYMOUS_CODING,LOW,SILENT,tcG/tcA,RLIM,0.582288954,0.03030303
10790162,rs2569512,T,C,INTRON,MODIFIER,NA,NA,ILF3,0.25,0.571428571
154624656,rs3804099,T,C,SYNONYMOUS_CODING,LOW,SILENT,aaT/aaC,TLR2,0.519480519,-0.006756757
15533821,rs7254099,A,G,UPSTREAM,MODIFIER,NA,3988,AKAP8L,0.514086261,-0.097465887
191087546,rs4677632,A,G,INTRON,MODIFIER,NA,NA,CCDC50,0.775,-0.128205128
63881552,rs4630153,C,T,NON_SYNONYMOUS_CODING,MODERATE,MISSENSE,tCt/tTt,ALG6,0.492468177,-0.211764706
19376408,rs2277151,A,G,DOWNSTREAM,MODIFIER,NA,2271,DENND4C,0.53998852,0
83900043,rs6535422,A,G,SYNONYMOUS_CODING,LOW,SILENT,gtT/gtC,LIN54,0.5,0
122928875,rs4936770,C,T,INTRON,MODIFIER,NA,NA,HSPA8,0.53030303,0
153052649,rs2071123,C,A,DOWNSTREAM,MODIFIER,NA,1462,SRPK3,0.590909091,0
40440159,.,C,T,NON_SYNONYMOUS_CODING,MODERATE,MISSENSE,cGc/cAc,RBM47,0.573063427,0
86123833,rs4075256,T,C,NON_SYNONYMOUS_CODING,MODERATE,MISSENSE,gTa/gCa,AKAP13,0.880022074,-0.026406429
7593048,rs73003348,C,T,NON_SYNONYMOUS_CODING,MODERATE,MISSENSE,aCg/aTg,MCOLN1,0.753180921,0
1016837,.,G,A,SYNONYMOUS_CODING,LOW,SILENT,tcC/tcT,MUC6,0.569720144,0.030120482
167417266,rs140062109,T,G,NON_SYNONYMOUS_CODING,MODERATE,MISSENSE,ttT/ttG,FGFR1OP,0.943339259,0
127818276,rs589292,C,T,NON_SYNONYMOUS_CODING,MODERATE,MISSENSE,Gct/Act,SCAI,0.76070111,0
14005706,rs4486949,A,G,INTRON,MODIFIER,NA,NA,COX10,0.534482759,0
57731728,rs1280396,A,G,NON_SYNONYMOUS_CODING,MODERATE,MISSENSE,Aca/Gca,CGNL1,0.576853812,0
71869473,rs3812536,G,A,DOWNSTREAM,MODIFIER,NA,4811,TJP2,0.854295893,0.048701299
102350000,rs112569704,G,A,INTRON,MODIFIER,NA,NA,PPP2R5C,0.565168621,0
141011630,rs3210458,C,T,SYNONYMOUS_CODING,LOW,SILENT,ttC/ttT,PXYLP1,0.52006929,0.157142857
222814837,rs1498382,G,T,INTRON,MODIFIER,NA,NA,MIA3,0.524390244,0
20101704,rs1867114,C,T,SYNONYMOUS_CODING,LOW,SILENT,agC/agT,NAV2,0.728522229,0
42827217,rs1796395,C,T,INTRON,MODIFIER,NA,NA,PPHLN1,0.566666667,0
10861716,rs2233540,T,C,INTRON,MODIFIER,NA,NA,NUBP1,0.742857143,0.5
47671305,rs2839170,A,G,INTRON,MODIFIER,NA,NA,MCM3AP,0.318181818,0.555555556
51631530,rs201143124,T,C,INTRON,MODIFIER,NA,NA,TIMM23B,0.5,0
98817432,rs4735496,C,G,INTRON,MODIFIER,NA,NA,LAPTM4B,0.761904762,0.153846154
113440921,rs2072137,T,C,INTRON,MODIFIER,NA,NA,OAS2,0.523255814,0
17084510,rs61769731,G,A,SYNONYMOUS_CODING,LOW,SILENT,Cta/Tta,MST1L,0.532110092,0.064814815
42825929,rs8268,C,T,SYNONYMOUS_CODING,LOW,SILENT,gtG/gtA,OSER1,0.553311247,0
36810586,rs14291,T,C,SYNONYMOUS_CODING,LOW,SILENT,acA/acG,FEZ2,0.834634628,-0.015384615
65924851,rs186990227,C,T,INTRON,MODIFIER,NA,NA,BPTF,0.642374835,0
118604399,rs115513989,C,G,NON_SYNONYMOUS_CODING,MODERATE,MISSENSE,aCt/aGt,SLC25A5,0.012727787,0.057142857
52021092,rs323894,A,G,INTRON,MODIFIER,NA,NA,ACY1,0.527027027,0
151726756,rs3757314,T,C,INTRON,MODIFIER,NA,NA,RMND1,0.567741935,0
17425858,rs4646400,C,T,INTRON,MODIFIER,NA,NA,PEMT,0.6,0
642798,rs184527411,T,"G,A",DOWNSTREAM,MODIFIER,NA,1427,DEAF1,0.650757576,0.111111111
2078176,rs35452475,C,T,SYNONYMOUS_CODING,LOW,SILENT,gcG/gcA,MOB3A,0.824282487,-0.004464286
116621154,rs34064819,C,A,INTRON,MODIFIER,NA,NA,FAM160B1,0.536688312,0
176721119,rs35848863,G,A,NON_SYNONYMOUS_CODING,MODERATE,MISSENSE,atG/atA,NSD1,0.5,0
26364300,rs13116873,C,G,INTRON,MODIFIER,NA,NA,RBPJ,0.524390244,0
127116102,rs10818946,T,G,DOWNSTREAM,MODIFIER,NA,1383,NEK6,0.35867898,-0.120879121
36564707,.,C,A,SYNONYMOUS_CODING,LOW,SILENT,ccC/ccA,SRSF3,0.5,0
149823785,rs2070844,G,A,DOWNSTREAM,MODIFIER,NA,7,RPS14,1,0
136597288,rs1967446,A,C,NON_SYNONYMOUS_CODING,MODERATE,MISSENSE,Tat/Gat,BCLAF1,6.06E-12,0.548099415
145540718,.,T,G,SYNONYMOUS_CODING,LOW,SILENT,acA/acC,DGAT1,0.086408054,-0.13986014
879687,rs2839,T,C,UTR_3_PRIME,MODIFIER,NA,154,SAMD11,0.5,0
40033143,rs200238142,C,T,INTRON,MODIFIER,NA,NA,PABPC4,0.513513514,0
198362018,rs8539,T,C,SYNONYMOUS_CODING,LOW,SILENT,aaA/aaG,HSPD1,0.262921652,-0.090620032
49067904,rs61729488,T,C,NON_SYNONYMOUS_CODING,MODERATE,MISSENSE,aAt/aGt,QRICH1,0.850971054,-0.038043478
246720798,rs3124071,G,A,SYNONYMOUS_CODING,LOW,SILENT,atC/atT,TFB2M,0.5,0
89894103,rs10777171,C,A,INTRON,MODIFIER,NA,NA,POC1B,0.6,0
100380948,rs2250718,T,C,NON_SYNONYMOUS_CODING,MODERATE,MISSENSE,Tct/Cct,EML1,0.315021368,-0.183908046
56865970,rs34265700,C,T,SYNONYMOUS_CODING,LOW,SILENT,ttG/ttA,GLS2,0.626035333,0
98015778,.,C,T,INTRON,MODIFIER,NA,NA,BAIAP2L1,0.515873016,0.016129032
257320,rs2277779,G,A,INTRON,MODIFIER,NA,NA,C20orf96,0.77972028,0
21771908,rs74415880,A,G,UTR_3_PRIME,MODIFIER,NA,47,OTOA,0.621212121,0.25
74340797,rs11159042,A,T,SYNONYMOUS_CODING,LOW,SILENT,ggA/ggT,PTGR2,0.5,0
150484987,rs13294,G,A,NON_SYNONYMOUS_CODING,MODERATE,MISSENSE,Ggt/Agt,ECM1,0.578120504,0
148341981,rs4659311,T,C,NON_SYNONYMOUS_CODING,MODERATE,MISSENSE,Aaa/Gaa,NBPF14,0.525904,0
198363504,rs1050347,A,G,SYNONYMOUS_CODING,LOW,SILENT,acT/acC,HSPD1,0.395856663,-0.046153846
101405521,.,G,T,UTR_5_PRIME,MODIFIER,NA,1,RPL24,0.346816053,0.003855793
29839513,rs10159964,A,G,INTRON,MODIFIER,NA,NA,SVIL,0.709090909,0
27831815,.,C,T,NON_SYNONYMOUS_CODING,MODERATE,MISSENSE,gCa/gTa,TAX1BP1,0.481456011,0.090425532
130707081,rs2274426,A,G,SYNONYMOUS_CODING,LOW,SILENT,gaT/gaC,FAM102A,1,0
34982233,rs2732555,A,G,INTRON,MODIFIER,NA,NA,PDHX,0.714285714,0.5
29855661,rs2074149,G,A,SYNONYMOUS_CODING,LOW,SILENT,gaG/gaA,RAB11FIP4,0.009993721,0.454545455
27255146,rs1045511,G,A,SYNONYMOUS_CODING,LOW,SILENT,acG/acA,PTK2B,0.609199858,0
117527196,rs6658159,G,A,INTRON,MODIFIER,NA,NA,PTGFRN,0.518867925,0
132244406,rs754993,G,A,INTRON,MODIFIER,NA,NA,DNAJC13,0.571428571,0
5730294,rs61735276,C,T,SYNONYMOUS_CODING,LOW,SILENT,Ctg/Ttg,TRIM22,0.016799149,-0.111111111
70357106,.,A,G,NON_SYNONYMOUS_CODING,MODERATE,MISSENSE,tAc/tGc,MED12,0.822352037,0
127708428,rs2138280,A,T,INTRON,MODIFIER,NA,NA,ADAM12,0.813241107,-0.119047619
4446457,rs751670,G,A,SYNONYMOUS_CODING,LOW,SILENT,caC/caT,MYBBP1A,0.839580161,0
29070209,rs7313,G,A,NON_SYNONYMOUS_CODING,MODERATE,MISSENSE,gCg/gTg,CPVL,0.855994837,0.013709677
24180962,rs13551,T,C,NON_SYNONYMOUS_CODING,MODERATE,MISSENSE,cAg/cGg,FUCA1,0.005117285,0.196055343
70165914,rs2113175,T,C,INTRON,MODIFIER,NA,NA,PDPR,0.636363636,0.28125
140681913,rs150888153,T,A,INTRON,MODIFIER,NA,NA,SLC25A36,0.541666667,0
143955954,rs201430433,G,T,SYNONYMOUS_CODING,LOW,SILENT,atC/atA,OR2A7,0.361429505,-0.061414392
136217376,rs79897455,T,A,DOWNSTREAM,MODIFIER,NA,1284,SURF1,0.598102994,0
32304440,rs11539713,T,C,UTR_3_PRIME,MODIFIER,NA,17,KIF5B,1,0
304514,rs3213508,C,T,SYNONYMOUS_CODING,LOW,SILENT,aaC/aaT,ITFG3,0.543229762,0
61547237,rs108499,C,T,INTRON,MODIFIER,NA,NA,MYRF,0.620915033,0
46476587,rs11211247,T,G,NON_SYNONYMOUS_CODING,MODERATE,MISSENSE,gaT/gaG,MAST2,0.5,0
11238807,rs2738460,C,T,INTRON,MODIFIER,NA,NA,LDLR,0.748241392,-0.041666667
113629637,rs73208734,G,A,DOWNSTREAM,MODIFIER,NA,3609,IQCD,0.789156982,0
61834695,rs6122103,G,A,SYNONYMOUS_CODING,LOW,SILENT,gcC/gcT,YTHDF1,0.622382128,0.007142857
11286276,.,G,C,NON_SYNONYMOUS_CODING,MODERATE,MISSENSE,Ctg/Gtg,TAS2R30,0.731223315,0.148148148
4875628,rs16942615,A,G,NON_SYNONYMOUS_CODING,MODERATE,MISSENSE,Tcc/Ccc,CAMTA2,0.819570136,-0.025531915
53133769,.,G,A,UTR_3_PRIME,MODIFIER,NA,142,ELOVL5,0.592595013,0.081871345
76156407,rs59384311,T,C,INTRON,MODIFIER,NA,NA,TTLL5,0.537037037,0
16891333,.,C,T,SYNONYMOUS_CODING,LOW,SILENT,aaG/aaA,NBPF1,0.23497689,0.229166667
46350960,rs3745928,A,G,INTRON,MODIFIER,NA,NA,SYMPK,0.510752688,0
40607843,rs11911822,C,T,INTRON,MODIFIER,NA,NA,BRWD1,0.191150389,-0.166666667
159492218,rs189671674,C,G,UTR_3_PRIME,MODIFIER,NA,146,TTC1,1,0
8999438,rs77891947,A,T,SYNONYMOUS_CODING,LOW,SILENT,acT/acA,MUC16,0.093952071,-0.13431677
244129,rs7116130,C,T,NON_SYNONYMOUS_CODING,MODERATE,MISSENSE,Cgg/Tgg,PSMD13,0.713235294,0.432835821
179414633,rs890578,C,A,INTRON,MODIFIER,NA,NA,TTN,0.702614379,0.25
2616870,.,A,G,SYNONYMOUS_CODING,LOW,SILENT,caT/caC,HLA-B,0.389503843,0.153846154
148801337,rs12704061,T,C,SYNONYMOUS_CODING,LOW,SILENT,acA/acG,ZNF425,0.537846916,0
16912015,rs58689366,G,A,SYNONYMOUS_CODING,LOW,SILENT,gcC/gcT,NBPF1,0.581818182,0.166666667
986742,rs2257468,A,G,INTRON,MODIFIER,NA,NA,ABR,0.512987013,0
186791795,rs9821439,A,G,INTRON,MODIFIER,NA,NA,ST6GAL1,0.535714286,0.076923077
34242192,rs10972015,C,T,INTRON,MODIFIER,NA,NA,UBAP1,0.530529172,0
93517886,rs2848477,G,C,NON_SYNONYMOUS_CODING,MODERATE,MISSENSE,gaG/gaC,MED17,0.5,0
3807593,rs4274008,G,C,NON_SYNONYMOUS_CODING,MODERATE,MISSENSE,aCg/aGg,C1orf174,0.847002326,0
142460495,.,A,C,INTRON,MODIFIER,NA,NA,PRSS1,0.749358334,0.20952381
10267211,rs61754180,T,C,SPLICE_SITE_REGION,LOW,NA,NA,RRM2,0.502890173,0.005813953
236746443,rs2794768,C,T,SYNONYMOUS_CODING,LOW,SILENT,gtG/gtA,HEATR1,0.394172624,0.16
37407064,rs1049280,C,T,UPSTREAM,MODIFIER,NA,3187,TEX33,0.014074169,0.384615385
24722205,rs2274830,T,C,INTRON,MODIFIER,NA,NA,KIAA1217,0.525,0
8887180,rs3351,A,G,INTRON,MODIFIER,NA,NA,KIDINS220,0.5625,0
42641925,rs140224621,T,C,SYNONYMOUS_CODING,LOW,SILENT,caT/caC,UBR2,0.078052976,-0.055555556
90002290,rs1135425,T,C,UTR_3_PRIME,MODIFIER,NA,78,TUBB3,0.5,0
197701913,rs7373165,G,T,NON_SYNONYMOUS_CODING,MODERATE,MISSENSE,gaG/gaT,LMLN,0.721311475,0.45
73570774,rs1671016,G,A,INTRON,MODIFIER,NA,NA,LLGL2,0.130540812,0.333333333
75855541,rs137877092,C,T,SYNONYMOUS_CODING,LOW,SILENT,gaC/gaT,VCL,0.354142392,-0.035714286
1016894,rs34281988,G,A,SYNONYMOUS_CODING,LOW,SILENT,caC/caT,MUC6,0.055828263,0.380645161
132569750,rs11789668,C,G,INTRON,MODIFIER,NA,NA,TOR1B,0.519510829,0
7837221,.,T,G,NON_SYNONYMOUS_CODING,MODERATE,MISSENSE,gTg/gGg,VAMP3,0.5,0
125397289,rs1071726,G,A,SYNONYMOUS_CODING,LOW,SILENT,gaC/gaT,UBC,0.077043717,-0.020327103
132218623,rs3762672,G,T,NON_SYNONYMOUS_CODING,MODERATE,MISSENSE,Gct/Tct,DNAJC13,0.638497344,0
21207835,rs76111309,G,A,SYNONYMOUS_CODING,LOW,SILENT,acG/acA,MAP2K3,0.600540398,0.041666667
43452183,rs7933,A,G,SYNONYMOUS_CODING,LOW,SILENT,Ttg/Ctg,ZFP36L2,0.987585532,0
79646,.,C,T,INTRON,MODIFIER,NA,NA,LOC389831,0.733333333,0
186301447,rs7526540,T,C,SYNONYMOUS_CODING,LOW,SILENT,ccA/ccG,TPR,0.654300432,0
43495605,rs142521440,T,A,INTRON,MODIFIER,NA,NA,C5orf34,0.549486155,0
9057408,rs1423051,A,G,NON_SYNONYMOUS_CODING,MODERATE,MISSENSE,cTc/cCc,MUC16,0.038616335,-0.15625
43031358,.,G,A,STOP_GAINED,HIGH,NONSENSE,Caa/Taa,CEACAM1,0.549983997,0
34144746,rs8825,A,G,SPLICE_SITE_REGION,LOW,NA,NA,ERGIC3,0.179087473,-0.118963946
9028242,rs199790313,T,C,NON_SYNONYMOUS_CODING,MODERATE,MISSENSE,Aac/Gac,MUC16,0.077874397,0.090909091
164435265,rs2304802,A,C,NON_SYNONYMOUS_CODING,MODERATE,MISSENSE,cAa/cCa,TMA16,0.077353766,-0.071428571
109687403,rs17723637,A,G,NON_SYNONYMOUS_CODING,MODERATE,MISSENSE,Atg/Gtg,ZNF462,0.156559542,-0.264604811
17210881,rs7096233,A,G,SYNONYMOUS_CODING,LOW,SILENT,ttT/ttC,TRDMT1,0.820336771,-0.117460317
227182754,rs2297419,G,A,INTRON,MODIFIER,NA,NA,CDC42BPA,0.525474684,0
755129,rs2242234,C,T,SYNONYMOUS_CODING,LOW,SILENT,cgC/cgT,PCGF3,0.623599369,0
4847713,rs9973235,A,G,NON_SYNONYMOUS_CODING,MODERATE,MISSENSE,gTc/gCc,PLIN3,0.5,0
43490602,rs3744996,G,A,SYNONYMOUS_CODING,LOW,SILENT,caC/caT,EPG5,0.597639493,0
9634856,rs1048610,A,G,SYNONYMOUS_CODING,LOW,SILENT,tcT/tcC,ADAM17,0.485590947,-0.091954023
28240021,rs41291680,C,T,SYNONYMOUS_CODING,LOW,SILENT,tcC/tcT,POLR1D,1,0
57755631,.,G,A,SYNONYMOUS_CODING,LOW,SILENT,ccC/ccT,PLK2,0.74064383,0.020408163
154898407,rs701109,C,T,UTR_3_PRIME,MODIFIER,NA,159,MME,0.466709761,0.227272727
187487269,rs6741369,G,T,INTRON,MODIFIER,NA,NA,ITGAV,0.75,0.529411765
23006707,rs3812922,C,A,SYNONYMOUS_CODING,LOW,SILENT,ctG/ctT,NIPA2,0.053492034,0.187546887
96139729,rs61752459,T,A,SYNONYMOUS_CODING,LOW,SILENT,ctT/ctA,RPA4,0.504464286,0
53208786,.,G,T,NON_SYNONYMOUS_CODING,MODERATE,MISSENSE,Caa/Aaa,ZNF611,0.505952381,0
85401419,rs167379,T,C,SYNONYMOUS_CODING,LOW,SILENT,ggT/ggC,ALPK3,0.02373581,-0.625
25671080,rs76241879,A,G,SYNONYMOUS_CODING,LOW,SILENT,gtA/gtG,PABPC3,0.016701633,-0.547687861
35201842,rs1071695,C,T,SYNONYMOUS_CODING,LOW,SILENT,caC/caT,CD44,0.677339901,-0.007633588
101620541,rs2469668,T,G,INTRON,MODIFIER,NA,NA,SNX31,0.635942029,0
466424,.,C,A,UTR_5_PRIME,MODIFIER,NA,27,ZNF721,0.753276016,0.043478261
133138333,rs12199381,G,A,INTRON,MODIFIER,NA,NA,RPS12,0.537037037,0
45490636,rs204468,T,C,SYNONYMOUS_CODING,LOW,SILENT,ggT/ggC,CLPTM1,0.032436855,-0.117647059
74682512,rs2268417,C,T,INTRON,MODIFIER,NA,NA,INO80B,0.649591741,0
716287,rs9934288,C,A,SYNONYMOUS_CODING,LOW,SILENT,acC/acA,WDR90,0.531664751,0.012820513
79940811,rs7327603,T,C,SYNONYMOUS_CODING,LOW,SILENT,gtA/gtG,RBM26,0.625797696,0.066433566
102678798,rs10093032,C,T,INTRON,MODIFIER,NA,NA,GRHL2,0.750316056,-0.297297297
226019653,rs1131873,G,A,SYNONYMOUS_CODING,LOW,SILENT,aaG/aaA,EPHX1,0.871468828,0
102713591,rs3739794,T,C,INTRON,MODIFIER,NA,NA,STX17,0.514285714,0
39899305,.,T,A,NON_SYNONYMOUS_CODING,MODERATE,MISSENSE,cTc/cAc,ZFP36,0.420761676,-0.018518519
118604367,rs80253442,C,T,SYNONYMOUS_CODING,LOW,SILENT,atC/atT,SLC25A5,0.026844745,0.050847458
126370629,rs149221760,G,A,SYNONYMOUS_CODING,LOW,SILENT,agC/agT,FAM53B,0.042869495,0.4375
34647867,rs76423462,T,C,INTRON,MODIFIER,NA,NA,PARD3,0.748366013,-0.125
66332089,rs28464796,G,A,NON_SYNONYMOUS_CODING,MODERATE,MISSENSE,Cgg/Tgg,CTSF,0.397391304,-0.11038961
17606220,rs145483952,C,T,SYNONYMOUS_CODING,LOW,SILENT,tcG/tcA,RRBP1,0.540453189,0
144869785,rs1534443,A,G,NON_SYNONYMOUS_CODING,MODERATE,MISSENSE,aAt/aGt,UTRN,0.70941043,-0.054888508
12613866,rs2648307,T,C,SYNONYMOUS_CODING,LOW,SILENT,caT/caC,MKRN2,0.038935529,-0.467532468
151926977,rs62481501,A,G,INTRON,MODIFIER,NA,NA,KMT2C,0.604166667,0.209205021
16890484,rs12117084,G,C,NON_SYNONYMOUS_CODING,MODERATE,MISSENSE,Caa/Gaa,NBPF1,0.784822462,-0.074242424
82976874,rs99146,G,C,INTRON,MODIFIER,NA,NA,CCDC90B,0.525,0
30352473,rs72516301,C,"CAG,G",UTR_5_PRIME,MODIFIER,NA,22,ARL14EP,0.110508033,0.348837209
131192923,.,A,G,INTRON,MODIFIER,NA,NA,ASAP1,0.546136297,0
148857965,.,C,T,NON_SYNONYMOUS_CODING,MODERATE,MISSENSE,cCg/cTg,HPS3,0.545995687,0.004854369
8939148,rs3763915,T,C,DOWNSTREAM,MODIFIER,NA,2475,C11orf16,0.75,0.6
24037306,rs12170464,T,G,INTRON,MODIFIER,NA,NA,RGL4,0.558823529,0
53259850,rs3163,C,T,SYNONYMOUS_CODING,LOW,SILENT,ccG/ccA,TKT,1,0
55643908,rs10144326,A,G,SYNONYMOUS_CODING,LOW,SILENT,ttT/ttC,DLGAP5,0.628311184,0
76132898,rs17855260,T,C,SYNONYMOUS_CODING,LOW,SILENT,ggT/ggC,DTX2,0.864664288,-0.03599374
46135884,rs34109856,C,G,NON_SYNONYMOUS_CODING,MODERATE,MISSENSE,cGt/cCt,ENPP5,0.559224955,0
98519481,rs1822017,G,A,SYNONYMOUS_CODING,LOW,SILENT,agC/agT,DCBLD2,1,0
152112661,rs74303416,T,C,INTRON,MODIFIER,NA,NA,KMT2C,0.1875,-0.714285714
50273837,.,C,T,NON_SYNONYMOUS_CODING,MODERATE,MISSENSE,Cgg/Tgg,GNAI2,0.509118725,0.041666667
105716034,rs2816606,C,T,SYNONYMOUS_CODING,LOW,SILENT,taC/taT,BTBD6,0.775174477,-0.011494253
118605134,rs79792378,G,T,UTR_3_PRIME,MODIFIER,NA,113,SLC25A5,0.038563301,0.095238095
18546944,rs145333990,G,A,SYNONYMOUS_CODING,LOW,SILENT,ctC/ctT,ISYNA1,0.5,0
132166266,rs11917172,T,G,SYNONYMOUS_CODING,LOW,SILENT,acT/acG,DNAJC13,0.666142903,0
24710405,rs11538189,A,G,START_LOST,HIGH,MISSENSE,aTg/aCg,STPG1,0.606203253,0
39114559,rs62310332,G,A,INTRON,MODIFIER,NA,NA,KLHL5,0.092592593,0.846153846
127436411,rs2296832,T,C,INTRON,MODIFIER,NA,NA,EDRF1,0.331497386,-0.37254902
19822049,rs7246866,T,C,UTR_3_PRIME,MODIFIER,NA,112,ZNF14,0.555099844,0.12406015
112312528,rs33556,T,C,UTR_5_PRIME,MODIFIER,NA,103,DCP2,1,0
23549379,rs941719,C,G,NON_SYNONYMOUS_CODING,MODERATE,MISSENSE,Gct/Cct,ACIN1,0.742006809,0
140159798,rs11763850,A,G,INTRON,MODIFIER,NA,NA,MKRN1,0.751755926,-0.075757576
66031660,rs1151539,C,T,SYNONYMOUS_CODING,LOW,SILENT,gaC/gaT,KLC2,0.792660675,0
15818310,rs11130,G,A,INTRON,MODIFIER,NA,NA,MYH11,0.419131158,0.101851852
21215424,rs35026048,G,A,INTRON,MODIFIER,NA,NA,MAP2K3,0.660714286,-0.333333333
12915009,rs4792311,G,A,NON_SYNONYMOUS_CODING,MODERATE,MISSENSE,tCg/tTg,ELAC2,0.557824515,0
129901570,rs11016072,C,T,NON_SYNONYMOUS_CODING,MODERATE,MISSENSE,cGt/cAt,MKI67,0.610057763,0
37492679,rs3739576,G,T,SYNONYMOUS_CODING,LOW,SILENT,gcG/gcT,POLR1E,0.210891299,-0.166666667
23374862,rs2295682,C,T,SYNONYMOUS_CODING,LOW,SILENT,agG/agA,RBM23,0.796405725,0.055555556
6431457,rs3729793,C,G,INTRON,MODIFIER,NA,NA,RAC1,0.53125,0
43664198,rs10233697,A,G,SYNONYMOUS_CODING,LOW,SILENT,gaA/gaG,STK17A,0.556312043,0
23235958,.,G,"C,T",SYNONYMOUS_CODING,LOW,SILENT,ctG/ctC,IGLL5,0.120009392,-0.222222222
51715328,.,G,A,SYNONYMOUS_CODING,LOW,SILENT,ttC/ttT,MBD2,0.565657455,0
140054257,rs58302597,C,T,SPLICE_SITE_REGION,LOW,NA,NA,HARS,0.506060606,0
89524657,rs17130717,C,G,NON_SYNONYMOUS_CODING,MODERATE,MISSENSE,gaG/gaC,GBP1,1,0
5336058,rs1050390,G,A,DOWNSTREAM,MODIFIER,NA,3073,RPAIN,0.5,0
69016055,rs13262734,A,G,INTRON,MODIFIER,NA,NA,PREX2,0.435573123,0.15
52903772,rs8036680,T,C,NON_SYNONYMOUS_CODING,MODERATE,MISSENSE,cAg/cGg,FAM214A,0.833710407,0.116883117
33476292,rs74066439,A,G,DOWNSTREAM,MODIFIER,NA,534,AK2,0.22972973,-0.058823529
74998875,rs862026,G,A,INTRON,MODIFIER,NA,NA,LTBP2,0.166666667,0.8
9024845,.,C,T,SYNONYMOUS_CODING,LOW,SILENT,agG/agA,MUC16,0.275231366,0.038461538
46052954,rs183342259,G,A,SYNONYMOUS_CODING,LOW,SILENT,gcG/gcA,CDK5RAP3,0.53300168,0.005524862
64867613,.,C,T,INTRON,MODIFIER,NA,NA,PPWD1,0.511904762,0.024390244
98405247,.,G,C,NON_SYNONYMOUS_CODING,MODERATE,MISSENSE,gCt/gGt,PIK3AP1,0.740514224,0
138433326,.,C,G,NON_SYNONYMOUS_CODING,MODERATE,MISSENSE,aGg/aCg,PIK3CB,0.397435505,0.142857143
138387483,rs2274650,G,A,INTRON,MODIFIER,NA,NA,C9orf116,0.53125,0
17697602,.,A,G,NON_SYNONYMOUS_CODING,MODERATE,MISSENSE,aAc/aGc,RAI1,0.453114208,-0.127028934
3128403,rs3746698,T,C,SYNONYMOUS_CODING,LOW,SILENT,ggA/ggG,FASTKD5,0.513890826,0.004651163
61417145,rs777590,C,G,DOWNSTREAM,MODIFIER,NA,2459,AHSA2,0.345238095,0.5
817407,rs72773454,C,T,SYNONYMOUS_CODING,LOW,SILENT,ctC/ctT,MSLN,0.5,0
48265495,rs1800215,T,C,NON_SYNONYMOUS_CODING,MODERATE,MISSENSE,Acc/Gcc,COL1A1,0.5,0
37227797,rs62621396,C,G,NON_SYNONYMOUS_CODING,MODERATE,MISSENSE,gGc/gCc,HEATR5B,0.561744958,0
89871389,rs45490196,T,C,INTRON,MODIFIER,NA,NA,PM20D2,0.541666667,0
112164561,rs351771,G,A,SYNONYMOUS_CODING,LOW,SILENT,gcG/gcA,APC,0.030664955,0.333333333
3178814,rs1052929,T,A,DOWNSTREAM,MODIFIER,NA,1105,PITRM1,0.5,0
146215138,rs370516541,A,G,INTRON,MODIFIER,NA,NA,NBPF10,0.090909091,0.822115385
125582173,rs4997232,C,T,UTR_3_PRIME,MODIFIER,NA,191,PDCL,0.754906205,-0.033333333
32612894,rs1129844,G,A,NON_SYNONYMOUS_CODING,MODERATE,MISSENSE,Gct/Act,CCL11,0.270796464,-0.071111111
140675164,rs3773838,G,T,INTRON,MODIFIER,NA,NA,SLC25A36,0.625,0.285714286
24418786,rs79527965,T,C,SYNONYMOUS_CODING,LOW,SILENT,Ttg/Ctg,MRS2,0.623065054,0
40315871,rs34889376,G,A,NON_SYNONYMOUS_CODING,MODERATE,MISSENSE,aCg/aTg,TRIT1,0.63217511,0
42294215,rs2269907,G,A,INTRON,MODIFIER,NA,NA,UBTF,0.53030303,0
156626404,rs10253387,C,T,INTRON,MODIFIER,NA,NA,LMBR1,0.531994048,0
67814979,rs2471829,G,C,SYNONYMOUS_CODING,LOW,SILENT,ctG/ctC,TCIRG1,0.651418708,0
131892979,rs4526098,G,A,UTR_5_PRIME,MODIFIER,NA,38,RAD50,0.5,0
155162067,rs4072037,C,T,SYNONYMOUS_CODING,LOW,SILENT,acG/acA,MUC1,0.010255921,0.060240964
238672703,rs3739038,C,G,NON_SYNONYMOUS_CODING,MODERATE,MISSENSE,Cac/Gac,LRRFIP1,0.171675503,0.204545455
55512431,rs1043684,A,G,UTR_3_PRIME,MODIFIER,NA,165,NLRP2,0.871124232,0
17202334,rs13078644,A,C,UTR_3_PRIME,MODIFIER,NA,121,TBC1D5,0.873956222,-0.016042781
2617518,.,G,"A,T",NON_SYNONYMOUS_CODING,MODERATE,MISSENSE,aCg/aAg,HLA-B,0.226656805,0.027472527
74690378,rs1063588,C,T,NON_SYNONYMOUS_CODING,MODERATE,MISSENSE,Gac/Aac,MOGS,0.538824383,0
45956132,rs34881353,G,A,INTRON,MODIFIER,NA,NA,IGFBP3,0.518432027,0
58109398,.,A,G,SYNONYMOUS_CODING,LOW,SILENT,ggA/ggG,FLNB,1,0
5495218,rs4567355,T,C,SYNONYMOUS_CODING,LOW,SILENT,taT/taC,NET1,0.5,0
47843180,.,A,G,INTRON,MODIFIER,NA,NA,NUP160,0.545454545,0
169127097,rs2112703,C,A,SYNONYMOUS_CODING,LOW,SILENT,acC/acA,DOCK2,0.496662655,-0.216666667
151873853,rs6464211,C,T,SYNONYMOUS_CODING,LOW,SILENT,caG/caA,KMT2C,0.938440563,-0.010990991
7023123,rs710415,A,G,NON_SYNONYMOUS_CODING,MODERATE,MISSENSE,gAa/gGa,LRRC23,0.275374721,-0.28
16918982,rs1759154,T,C,INTRON,MODIFIER,NA,NA,NBPF1,0.625457875,0.090909091
28619920,rs1126446,A,G,SYNONYMOUS_CODING,LOW,SILENT,acT/acC,SULT1A1,0.526723233,0
9221883,rs2298548,C,G,NON_SYNONYMOUS_CODING,MODERATE,MISSENSE,Cca/Gca,ANKRD12,0.781580594,0
19905834,.,C,T,NON_SYNONYMOUS_CODING,MODERATE,MISSENSE,Gat/Aat,ZNF506,0.536576558,0
109745618,rs1052878,T,C,NON_SYNONYMOUS_CODING,MODERATE,MISSENSE,cTa/cCa,KIAA1324,0.892735153,0.001052632
34948695,rs200489717,A,C,SYNONYMOUS_CODING,LOW,SILENT,Aga/Cga,SON,0.566614632,0
111916647,rs10891314,G,A,NON_SYNONYMOUS_CODING,MODERATE,MISSENSE,Gat/Aat,DLAT,0.691303871,0
206614091,rs13026243,T,G,INTRON,MODIFIER,NA,NA,NRP2,0.214285714,0.666666667
30629226,rs1047991,G,A,NON_SYNONYMOUS_CODING,MODERATE,MISSENSE,Cgc/Tgc,MTPAP,0.010748827,0.203488372
179304275,rs200667253,G,A,DOWNSTREAM,MODIFIER,NA,1980,MRPL47,0.212484737,-0.2
9913134,rs3176787,G,A,INTRON,MODIFIER,NA,NA,CD69,0.75,-0.214285714
2078596,rs115059149,G,T,UTR_5_PRIME,MODIFIER,NA,37,MOB3A,0.631550139,0
179025789,rs72824522,G,A,SYNONYMOUS_CODING,LOW,SILENT,agG/agA,RUFY1,0.728522229,0
27326901,.,T,C,SPLICE_SITE_REGION,LOW,NA,NA,APP,0.001071923,-0.5
338198,rs78575109,A,G,NON_SYNONYMOUS_CODING,MODERATE,MISSENSE,Aag/Gag,ZNF141,0.828995154,0
77901456,rs963283,C,A,INTRON,MODIFIER,NA,NA,VIPAS39,0.522222222,0
30682470,rs55723517,A,T,START_GAINED,LOW,NA,NA,LCLAT1,0.630064103,0
157431876,rs78808526,T,G,INTRON,MODIFIER,NA,NA,ARID1B,0.5625,0
128773201,rs1872537,C,A,INTRON,MODIFIER,NA,NA,TMEM132C,0.5,0
69646914,rs2305641,G,A,SYNONYMOUS_CODING,LOW,SILENT,cgG/cgA,CPSF6,0.889433604,0
56098733,rs6025606,T,C,NON_SYNONYMOUS_CODING,MODERATE,MISSENSE,Act/Gct,CTCFL,0.672329976,0.004807692
81926718,rs2228427,A,G,SYNONYMOUS_CODING,LOW,SILENT,atT/atC,ANXA11,0.435171512,-0.138107417
31060029,rs1005887,G,C,START_GAINED,LOW,NA,NA,DUSP18,0.046253126,-0.405555556
39671476,rs2230033,G,A,NON_SYNONYMOUS_CODING,MODERATE,MISSENSE,gGt/gAt,KCNJ15,0.841363168,-0.008108108
8630253,rs6055975,C,G,INTRON,MODIFIER,NA,NA,PLCB1,0.857142857,0
150241230,rs2275780,G,T,DOWNSTREAM,MODIFIER,NA,3750,CA14,0.543276349,0.161538462
36898067,rs34409118,T,C,NON_SYNONYMOUS_CODING,MODERATE,MISSENSE,Acc/Gcc,OSCP1,0.756453202,0.089595376
14862636,rs151190469,C,T,SYNONYMOUS_CODING,LOW,SILENT,taC/taT,FGD5,0.145740572,0.348684211
33417044,rs3813150,C,T,INTRON,MODIFIER,NA,NA,CEP89,0.230769231,0.56
28378472,rs5762430,A,G,SYNONYMOUS_CODING,LOW,SILENT,Ttg/Ctg,TTC28,0.363636364,-0.257142857
16901668,rs3901679,T,C,NON_SYNONYMOUS_CODING,MODERATE,MISSENSE,Aaa/Gaa,NBPF1,0.757480733,0.136842105
11935436,rs2288547,C,T,INTRON,MODIFIER,NA,NA,RSL1D1,0.029411765,1
47584699,rs3745619,C,T,INTRON,MODIFIER,NA,NA,ZC3H4,0.303030303,-0.209677419
51829812,rs17524906,G,A,NON_SYNONYMOUS_CODING,MODERATE,MISSENSE,aCg/aTg,DMXL2,0.039276114,-0.309210526
180665942,rs1805599,G,A,INTRON,MODIFIER,NA,NA,FXR1,0.552631579,0
33490616,rs199764566,A,T,SPLICE_SITE_REGION,LOW,NA,NA,RHPN2,0.583176502,0.087719298
133327457,rs1051772,T,C,SYNONYMOUS_CODING,LOW,SILENT,tcA/tcG,TOPBP1,0.198723891,0.24
5567278,.,A,C,UTR_3_PRIME,MODIFIER,NA,101,ACTB,0.554347826,-0.004065041
27000529,.,G,A,SPLICE_SITE_DONOR,HIGH,NA,NA,SUPT6H,0.626662281,0
197004439,rs1054537,A,G,SYNONYMOUS_CODING,LOW,SILENT,atT/atC,STK17B,0.09153694,-0.1
24621293,rs7288201,T,C,NON_SYNONYMOUS_CODING,MODERATE,MISSENSE,Atc/Gtc,GGT5,0.614824508,0.023255814
107162,rs10266,C,G,DOWNSTREAM,MODIFIER,NA,896,RHBDF1,1,0
61324299,.,T,C,INTRON,MODIFIER,NA,NA,SERPINB3,0.54,0
4840868,rs1060431,G,A,DOWNSTREAM,MODIFIER,NA,2543,GP1BA,0.109513759,0.204166667
104336992,.,A,G,SYNONYMOUS_CODING,LOW,SILENT,ggA/ggG,HSP90B1,0.651234568,-0.004424779
104241683,rs2296580,G,T,DOWNSTREAM,MODIFIER,NA,4881,TMEM180,0.512987013,0
824789,rs1138693,T,C,NON_SYNONYMOUS_CODING,MODERATE,MISSENSE,cTg/cCg,PNPLA2,0.119790426,-0.377777778
34089718,rs2274238,G,T,SYNONYMOUS_CODING,LOW,SILENT,ctG/ctT,CEP250,0.316549626,-0.241666667
65299300,rs2723089,G,C,NON_SYNONYMOUS_CODING,MODERATE,MISSENSE,tGc/tCc,CEP68,0.127545893,-0.243986254
74735196,.,C,G,SYNONYMOUS_CODING,LOW,SILENT,cgC/cgG,CXCL1,0.260189975,0.111111111
49367097,rs149899269,T,C,UTR_3_PRIME,MODIFIER,NA,72,PARD6B,0.646596508,0
21477379,rs504280,C,T,NON_SYNONYMOUS_CODING,MODERATE,MISSENSE,cGg/cAg,ZNF708,0.430030828,0.138888889
6709727,.,G,A,SYNONYMOUS_CODING,LOW,SILENT,Ctg/Ttg,C3,1,0
131303630,rs10513496,C,A,DOWNSTREAM,MODIFIER,NA,1474,GLE1,0.5,0
94540527,rs61737465,G,A,NON_SYNONYMOUS_CODING,MODERATE,MISSENSE,Gat/Aat,PPP1R9A,0.576871388,0
53524308,rs3929,G,C,DOWNSTREAM,MODIFIER,NA,884,AKTIP,0.5,0
172240999,rs2270418,T,G,INTRON,MODIFIER,NA,NA,TNFSF10,0.525420747,0
195511043,rs75030029,T,C,NON_SYNONYMOUS_CODING,MODERATE,MISSENSE,Act/Gct,MUC4,0.553176272,0.007633588